Suhu_Operasi,Getaran_RMS,Arus_Motor,Tekanan_Hidrolik,Jam_Operasi,Laju_Alir_Pendingin,Tingkat_Kebisingan,Prediksi_Gagal
83.06,10.71,20.36,113.56,311.08,11.58,63.54,0
62.25,3.86,17.09,118.0,1092.84,11.58,74.19,0
66.33,7.62,17.84,112.4,949.66,11.42,74.42,0
77.48,6.32,7.96,116.95,1123.96,8.86,83.92,1
66.77,9.32,15.1,93.33,821.58,7.86,86.81,1
74.55,6.22,13.87,110.35,1008.22,12.27,78.78,0
60.49,10.66,15.4,105.96,873.42,8.06,81.52,1
72.74,9.36,15.32,111.79,697.75,11.82,74.21,0
53.98,8.51,22.04,119.97,1432.51,11.16,72.21,0
57.98,8.01,14.72,103.96,1167.02,7.77,86.21,1
68.73,7.55,13.11,117.58,877.43,11.68,75.85,0
96.66,10.02,11.65,132.01,1236.8,11.31,70.51,1
62.96,4.51,12.56,88.81,1728.84,8.26,100.0,1
81.18,8.39,21.42,100.64,1495.18,9.99,80.07,1
70.36,3.56,16.71,99.48,774.99,11.6,79.74,0
57.1,8.7,16.86,115.95,1444.64,11.27,79.27,0
74.94,7.61,7.3,118.64,1100.61,11.22,82.88,1
83.06,4.97,12.34,114.89,1349.43,11.92,80.38,1
63.23,6.66,15.32,103.87,556.22,11.18,78.15,0
71.95,7.45,23.15,126.81,1311.88,9.21,65.4,0
68.46,6.88,12.9,115.22,1384.25,11.86,81.67,0
76.84,6.37,16.77,136.04,1126.54,9.87,65.14,0
72.48,7.06,7.65,114.89,1102.42,10.85,84.79,1
68.93,8.03,15.52,123.48,1331.75,11.7,74.49,0
110.0,6.98,17.57,139.95,1388.03,11.94,60.0,1
65.76,9.12,12.31,83.54,1257.28,8.32,98.26,1
58.01,6.61,16.19,103.03,683.5,11.71,79.16,0
47.54,7.78,9.91,96.74,831.53,6.9,93.35,1
77.35,0.41,15.55,120.54,957.04,11.55,71.62,1
77.43,7.2,9.33,118.39,1332.55,10.86,82.8,1
80.15,8.29,15.98,108.96,810.2,11.87,74.99,0
89.36,6.29,8.22,124.93,1127.84,11.46,77.35,1
94.5,11.41,10.19,118.96,1347.03,11.09,79.67,1
73.27,8.06,18.57,92.87,857.19,11.75,81.32,0
67.19,6.8,21.51,112.77,814.04,11.96,68.87,0
93.6,6.98,13.37,125.81,1278.36,12.04,72.12,1
52.93,7.79,21.6,83.93,9.46,11.36,77.45,0
91.13,7.54,13.31,137.91,1232.18,11.1,66.62,1
69.4,8.89,20.98,95.62,756.52,12.63,76.65,0
66.26,7.91,20.4,96.79,265.86,11.91,73.0,0
49.27,11.85,16.58,128.67,1634.51,10.82,76.21,0
76.57,8.95,10.38,104.73,1290.07,12.22,87.44,1
56.42,8.37,10.78,114.36,304.36,9.75,77.0,0
66.43,7.88,13.64,106.91,1099.49,11.22,82.88,0
79.4,10.26,6.97,109.45,1127.59,10.95,87.5,1
73.65,9.29,8.06,104.25,1244.0,11.82,90.2,1
64.09,7.69,13.73,106.62,766.22,13.75,79.16,0
82.31,6.53,11.64,129.97,1215.7,10.07,73.52,1
59.15,11.95,15.6,114.26,1284.46,11.68,79.58,0
68.62,7.25,15.41,117.69,1487.8,12.18,78.62,0
83.24,7.9,20.82,98.53,1451.52,9.17,81.44,1
74.71,9.34,14.62,108.82,350.43,10.51,73.61,0
68.38,8.63,18.56,120.39,1558.88,10.81,75.24,0
53.94,9.61,13.38,104.88,710.15,6.41,84.16,1
82.48,8.91,19.88,95.17,1139.17,10.51,80.79,1
48.9,7.02,12.87,109.9,1423.26,13.24,86.31,0
57.04,10.11,21.13,89.51,548.56,12.26,79.19,0
71.68,4.59,17.71,97.09,741.99,7.65,81.08,1
84.24,11.97,10.54,120.01,1243.61,11.99,78.7,1
61.87,8.84,14.72,134.84,1711.33,10.52,74.54,0
87.36,9.59,9.4,115.67,1154.63,14.35,79.83,1
71.33,6.51,18.79,104.64,1556.91,9.59,82.75,1
81.67,8.19,11.4,127.24,1298.51,10.53,75.71,1
90.06,7.35,8.62,115.43,1178.76,13.79,80.89,1
74.84,11.11,19.72,109.53,1327.88,11.25,76.28,1
74.19,9.19,19.3,102.96,1895.84,9.97,85.55,1
78.81,6.72,9.06,118.27,1186.66,10.12,82.0,1
58.82,7.63,15.59,126.82,1233.69,12.05,72.95,0
52.09,9.7,17.9,122.69,1315.85,10.55,74.68,0
70.08,10.91,13.25,114.21,718.48,10.55,76.24,0
79.25,9.11,13.25,111.59,679.32,10.51,76.11,0
58.56,6.86,14.73,101.79,805.28,11.0,82.6,0
75.35,6.93,6.16,130.18,1019.38,9.13,78.62,1
72.51,7.53,13.7,112.67,982.55,11.94,78.0,1
65.27,9.23,18.34,89.87,506.58,10.61,81.3,0
69.17,4.6,16.48,94.12,783.96,8.34,84.17,1
81.0,2.82,22.98,112.84,1279.97,11.19,70.14,1
56.61,7.0,20.63,91.98,1164.99,13.18,83.65,0
69.32,10.3,15.98,116.35,1125.62,11.13,75.8,0
52.2,8.91,14.15,102.19,472.06,10.0,81.22,0
70.41,7.2,14.19,112.75,907.85,11.34,77.27,0
77.69,9.87,19.12,113.04,985.76,10.79,72.04,0
59.59,9.49,16.01,102.75,541.77,11.22,78.25,1
69.9,7.84,10.3,121.01,1176.73,11.42,79.78,1
62.88,8.53,15.58,101.14,176.11,10.14,76.29,0
71.27,7.39,18.76,100.05,567.3,11.47,75.43,0
66.96,8.84,17.25,104.31,1288.8,8.61,83.08,1
73.31,6.81,16.6,105.04,575.25,11.7,75.02,0
57.94,7.15,15.87,109.0,1305.11,7.36,83.99,1
81.5,8.94,13.19,110.96,1411.13,11.76,82.19,0
67.37,11.67,16.1,97.08,1338.12,8.47,88.22,1
60.12,5.62,14.28,105.38,644.22,8.74,80.68,1
50.73,6.68,11.4,100.11,1317.03,5.81,94.56,1
73.18,7.73,10.73,123.86,1221.98,9.32,78.85,1
80.79,6.67,9.35,103.81,1282.65,13.33,87.94,1
56.95,11.11,20.61,115.1,1233.93,10.53,74.21,0
59.76,8.64,15.22,104.77,1187.58,9.05,84.74,1
87.91,9.18,11.03,125.91,1216.25,10.76,75.18,1
72.61,9.89,18.24,100.92,1009.86,12.6,78.85,0
73.05,9.85,5.01,108.39,1027.83,9.51,90.54,1
71.6,8.27,13.15,120.03,1078.6,12.75,75.63,0
63.89,7.45,14.04,94.93,1557.49,8.56,93.74,1
90.01,6.4,10.61,119.27,1192.59,11.73,77.96,1
74.66,10.02,16.79,127.34,1060.26,10.35,68.78,0
90.61,6.15,13.83,122.97,1295.39,13.35,72.95,1
55.85,6.17,16.23,126.89,1297.67,10.76,73.72,0
69.82,13.02,18.59,122.35,1232.52,10.52,71.33,0
99.4,1.54,10.5,126.08,1294.4,11.13,74.85,1
88.0,8.1,11.11,121.66,1241.38,11.08,77.22,1
57.99,5.44,19.11,92.91,353.71,12.16,77.86,0
67.8,8.44,19.79,94.46,737.9,12.01,78.73,0
75.49,5.84,20.75,131.09,1347.16,9.26,65.73,0
58.05,6.44,12.26,89.01,991.78,7.24,94.67,1
95.27,7.24,12.74,129.64,1287.69,9.9,71.73,1
57.89,9.12,19.54,94.61,236.11,11.32,75.91,0
65.95,8.63,17.84,108.01,1087.24,9.16,78.76,1
82.35,8.05,7.71,101.24,1197.98,12.88,90.15,1
60.83,10.16,19.48,115.95,1090.89,10.07,73.45,0
68.33,8.42,13.62,112.82,880.59,13.25,77.03,0
53.39,6.16,18.32,127.41,1542.24,10.76,73.73,0
59.85,5.73,18.54,95.77,1127.73,12.56,83.57,0
70.25,5.34,15.31,111.3,845.89,11.74,76.09,1
73.32,4.14,17.21,95.76,1481.29,10.25,87.52,1
57.17,5.24,15.12,101.87,730.71,10.89,81.71,0
73.59,9.11,14.93,107.38,663.14,10.96,76.7,0
65.52,5.29,13.76,106.25,447.55,10.36,77.74,0
56.19,4.03,18.58,118.34,1444.38,11.38,76.37,0
66.35,5.3,16.57,118.59,1245.95,10.92,75.61,0
76.52,8.41,16.8,87.49,1449.71,9.33,91.68,1
61.05,3.61,12.53,118.99,1121.63,11.96,78.72,0
82.96,5.67,11.26,117.67,1248.5,11.2,79.6,1
80.98,7.95,16.01,106.42,940.24,11.97,77.21,0
71.63,7.61,20.51,108.78,1423.75,8.86,78.04,1
78.87,12.12,12.89,122.5,1244.58,10.5,76.29,1
63.14,3.6,13.98,109.92,180.72,9.92,73.84,0
76.15,9.81,11.87,115.07,1320.74,12.14,81.24,1
74.55,9.26,14.91,122.9,888.52,11.41,70.94,0
87.55,7.88,10.8,105.54,1261.55,12.7,84.88,1
67.32,9.09,14.84,88.97,1245.86,7.84,92.91,1
65.15,6.37,16.41,107.04,339.92,11.76,73.09,0
61.66,8.71,16.21,99.75,603.31,10.9,79.93,0
72.03,5.11,12.73,123.72,1511.76,12.08,78.37,0
56.07,9.77,17.11,133.51,1393.14,11.19,70.23,0
66.72,6.98,16.05,111.8,1086.77,11.93,77.55,0
58.39,8.7,17.54,102.87,1379.19,13.14,83.35,0
64.38,7.66,16.91,135.73,1358.42,11.48,67.97,0
46.63,7.67,12.21,107.17,1006.19,6.51,87.73,1
57.7,9.73,14.26,105.54,712.59,7.82,81.91,1
53.52,7.19,21.79,117.27,1463.0,10.61,74.33,0
90.81,6.07,15.2,109.28,1458.36,12.34,79.97,1
46.82,9.59,18.37,93.32,518.68,11.48,81.49,0
54.6,6.01,12.84,100.92,843.44,7.76,87.17,1
66.72,10.37,15.43,104.56,616.37,10.9,77.95,0
56.48,5.26,15.53,116.98,1142.79,11.5,77.46,0
72.72,10.38,19.27,108.38,421.64,9.26,70.34,1
55.13,11.03,17.54,100.41,1140.33,13.18,82.78,0
75.03,7.59,12.52,115.51,176.87,9.92,71.26,0
68.3,6.29,18.0,100.5,675.3,12.26,76.97,0
63.68,6.39,13.95,107.29,798.14,11.05,80.09,0
79.58,6.83,9.66,116.74,1200.38,11.23,81.67,1
50.89,9.87,12.15,100.09,1316.74,6.45,93.49,1
70.04,10.96,17.71,125.08,1298.68,9.59,71.89,0
73.8,8.99,10.47,105.92,1251.67,11.47,87.07,1
52.79,10.87,17.12,99.38,755.02,12.24,80.96,0
86.17,10.66,9.45,119.71,1178.24,11.18,79.51,1
55.24,7.75,15.17,111.1,1508.7,7.19,85.91,1
83.54,11.76,13.43,125.53,1306.43,11.33,73.91,1
68.66,8.49,16.49,97.41,1247.3,8.02,86.89,1
64.67,10.82,22.24,112.11,928.62,10.93,70.16,0
43.72,8.61,14.67,132.66,1502.19,10.88,75.75,0
83.31,8.34,17.35,122.37,1056.17,10.74,69.38,0
58.66,5.71,15.12,107.3,890.78,7.29,81.85,1
73.88,9.39,17.8,107.53,914.09,11.94,75.4,0
72.77,9.01,18.6,102.88,992.19,8.8,78.96,1
59.54,6.6,16.36,132.88,1549.42,9.76,72.92,0
78.71,10.78,11.59,109.92,1350.83,11.94,84.07,1
68.74,8.55,18.97,96.51,902.11,12.44,79.77,0
55.83,7.6,18.95,94.88,557.79,11.93,79.24,0
89.34,9.52,9.97,115.13,1170.28,13.25,79.86,1
64.34,9.52,13.92,109.02,883.7,11.5,79.78,1
52.47,3.89,13.49,108.28,1184.64,7.4,86.38,1
61.2,7.44,19.12,112.92,1361.71,12.02,76.84,0
74.16,7.82,18.36,95.9,1570.05,8.17,87.81,1
75.75,7.07,14.35,113.77,1291.37,12.28,78.99,0
78.6,9.78,15.7,98.4,594.95,12.65,78.33,0
82.92,10.94,11.13,127.28,1235.16,9.93,75.51,1
78.63,2.98,19.14,97.71,670.73,11.86,76.06,0
64.09,7.81,18.51,115.0,1420.34,8.27,78.25,1
57.49,6.72,22.72,131.83,1451.05,11.13,65.54,0
65.6,7.28,18.52,114.13,1179.38,11.18,75.1,0
64.64,10.49,19.24,97.48,598.16,12.08,76.95,0
90.24,7.38,11.61,132.29,1235.83,8.46,72.36,1
69.74,7.94,15.76,120.69,1129.21,12.32,73.43,0
81.35,7.62,8.89,120.88,1155.09,9.46,80.63,1
69.08,5.64,19.87,114.75,417.04,9.32,67.0,1
66.51,6.76,17.48,108.24,1197.13,10.06,79.56,1
72.01,11.16,20.22,132.08,1178.27,10.99,63.99,0
82.07,10.48,13.09,114.73,1117.12,11.4,77.94,0
80.68,7.33,14.63,111.27,962.16,12.45,76.34,0
68.49,4.72,16.91,107.15,785.36,8.83,77.32,1
85.96,8.51,10.33,118.76,1173.72,13.03,78.25,0
67.85,6.17,17.66,103.42,1678.96,8.84,86.35,1
58.83,7.65,13.82,97.9,1308.67,7.48,91.36,1
74.11,6.9,16.64,94.83,1302.4,9.38,87.26,1
50.04,5.54,13.14,105.99,889.32,5.99,86.1,1
85.26,6.98,6.97,112.7,1099.08,13.07,84.1,1
96.1,7.1,12.11,118.09,1247.94,13.99,75.78,1
66.45,4.78,16.77,102.28,1109.52,8.67,83.0,1
59.11,9.35,15.17,106.72,1461.75,8.34,86.66,1
66.46,7.35,12.59,115.78,1228.85,12.42,80.34,0
72.6,5.7,11.74,104.68,1323.62,11.92,86.93,1
74.34,6.03,10.47,108.25,1235.77,11.56,85.71,1
85.57,6.47,10.21,117.32,1194.84,10.27,80.47,1
83.71,3.45,9.47,121.57,1103.84,9.9,78.76,1
73.28,7.33,17.18,95.31,1167.08,10.07,85.06,1
73.93,7.32,14.14,106.59,859.88,11.14,79.54,0
56.23,6.71,18.42,112.44,1321.3,11.36,78.3,0
55.49,8.9,13.64,102.23,1288.34,7.55,89.64,0
70.07,5.04,16.15,113.59,1041.64,11.81,75.84,0
63.36,7.02,19.63,125.41,1589.42,10.36,72.74,0
63.06,6.44,19.42,94.22,714.73,12.35,79.44,0
69.6,5.79,17.67,117.74,998.63,11.72,71.96,0
57.64,7.96,18.46,93.81,154.85,10.94,76.9,0
95.86,8.57,7.39,103.19,1179.23,15.0,86.92,1
68.77,10.19,21.44,89.74,596.91,12.07,77.89,0
55.04,8.1,13.05,104.01,893.76,7.15,86.12,1
61.73,8.2,15.35,98.66,1103.56,7.02,87.43,1
65.38,3.57,14.61,96.74,1376.99,8.75,90.41,1
68.04,5.79,16.62,101.48,1250.14,8.12,84.84,1
94.7,10.86,11.9,111.97,1283.1,12.08,80.24,1
81.77,4.67,9.34,111.41,1199.56,11.84,84.05,1
66.17,10.62,18.44,109.99,1033.99,7.56,77.36,1
69.68,9.71,17.01,99.73,1613.82,9.29,87.82,1
63.45,7.91,17.79,125.41,1544.4,10.27,74.3,0
71.15,9.62,18.1,104.98,980.7,9.76,78.15,1
70.58,11.04,16.74,101.44,1555.74,10.3,86.23,1
105.74,9.65,11.17,119.17,1270.47,12.39,76.0,1
58.7,8.37,14.74,116.77,1181.02,12.38,78.11,0
59.1,10.17,16.08,107.95,908.34,12.64,78.38,0
91.98,6.58,10.52,131.6,1139.89,9.64,72.28,1
88.7,10.34,11.48,124.71,1342.42,9.72,76.75,1
53.84,8.07,14.47,122.92,1330.54,11.63,77.63,0
64.09,4.16,22.0,121.85,831.03,10.9,64.93,0
97.49,8.31,9.45,145.87,1103.94,8.95,65.85,1
73.29,5.1,17.8,118.15,1356.14,11.82,74.33,0
66.15,6.23,14.87,101.83,574.84,10.52,79.71,0
66.29,7.29,14.82,123.62,1441.79,12.26,76.2,0
69.51,5.69,19.25,114.13,969.68,9.14,72.88,1
84.22,9.15,8.0,117.51,1198.75,12.4,81.99,1
75.64,8.9,18.15,104.52,947.08,12.03,76.54,0
80.69,10.43,9.53,116.18,1132.3,10.56,81.63,1
84.62,4.68,11.98,122.56,1290.83,10.71,76.86,1
63.51,4.28,18.44,115.08,1240.36,8.58,76.61,1
62.88,7.79,16.84,103.57,665.96,7.14,79.42,1
61.05,7.29,14.93,99.29,1512.89,7.6,91.03,1
80.28,3.1,13.56,124.61,1315.3,10.48,75.05,1
56.93,10.99,16.02,113.3,1283.82,8.17,81.34,1
65.29,10.83,12.39,118.21,1118.92,11.88,78.76,0
74.25,4.03,8.59,106.17,1213.17,11.28,88.6,1
65.26,10.01,15.49,121.66,1161.34,11.59,74.35,0
68.52,5.95,17.24,103.96,1412.36,8.49,84.22,1
66.95,6.14,17.16,99.54,1128.91,8.19,84.23,1
47.83,7.64,14.85,104.44,536.83,11.26,79.96,0
91.19,7.91,15.12,123.73,1360.35,11.01,72.74,1
84.62,9.84,12.34,128.27,1262.23,10.82,73.44,1
70.98,6.11,16.06,103.51,735.83,11.35,78.17,0
75.68,8.63,18.12,101.73,1033.05,9.94,79.56,1
74.98,7.74,20.82,111.85,1490.2,9.7,76.08,1
88.05,6.95,14.17,121.16,1294.75,13.24,73.82,1
81.76,5.84,16.27,110.02,573.48,11.76,71.93,0
57.07,5.84,16.19,104.02,788.91,11.34,79.89,0
82.98,9.29,15.21,110.0,1274.25,11.89,79.09,0
74.06,10.46,17.49,127.16,869.02,10.19,66.57,0
72.01,7.92,16.14,116.55,1079.62,10.8,74.96,0
55.82,7.81,12.39,110.09,797.54,10.4,81.56,0
68.62,10.08,18.63,120.67,1259.68,11.19,72.19,0
68.09,11.83,16.2,96.26,1468.4,8.49,89.57,1
89.16,4.86,11.12,110.44,1293.96,11.28,82.88,1
57.03,9.14,14.76,101.32,1140.42,8.17,87.15,1
71.07,14.55,18.09,100.33,1255.6,8.91,83.21,1
64.06,9.38,16.31,98.02,537.69,10.68,79.89,0
74.68,6.35,21.67,117.33,1343.32,10.62,70.89,0
91.8,6.32,17.93,122.0,849.96,11.62,65.77,0
71.03,8.14,18.37,106.79,551.02,12.9,71.86,0
61.01,9.62,17.12,113.25,1148.88,11.75,77.01,0
82.51,9.75,10.07,127.04,1182.27,11.69,75.58,1
68.17,5.2,16.58,96.49,919.44,8.35,84.23,1
96.75,6.56,12.64,144.69,1179.2,9.71,63.51,1
56.46,9.87,16.58,123.26,1435.07,9.61,76.73,0
83.41,8.52,6.16,126.59,1076.0,10.55,79.33,1
73.68,8.63,15.49,88.27,1289.24,9.64,91.45,1
64.7,5.27,13.15,125.4,1537.39,11.78,78.32,0
60.02,6.89,11.4,123.06,1521.86,11.84,81.67,0
90.24,7.47,9.47,145.43,1093.62,9.66,66.5,1
59.2,9.46,15.39,119.56,1377.42,12.4,77.76,0
67.26,10.19,11.07,114.12,599.35,10.03,78.06,0
74.31,8.15,16.4,121.06,1274.16,11.56,73.64,0
62.3,7.48,19.17,94.62,599.22,11.59,78.89,0
65.26,10.67,16.35,105.23,1611.36,9.17,86.4,1
73.07,7.31,16.16,86.31,1664.89,7.74,95.9,1
77.77,7.4,21.03,109.54,1271.55,10.19,74.51,1
83.23,9.14,20.59,110.45,883.83,12.01,69.68,0
64.51,5.59,16.26,104.36,754.92,9.0,79.47,1
83.84,9.89,14.16,116.32,596.34,12.17,70.89,0
88.51,5.79,6.91,126.66,1007.41,10.45,77.34,1
65.37,8.71,15.84,98.06,1762.91,7.93,92.26,1
72.81,5.89,15.28,86.95,1813.18,9.55,97.1,1
72.35,7.03,12.64,118.78,1283.21,10.36,79.51,1
92.48,7.79,12.56,131.57,1277.09,11.44,70.56,1
74.94,6.8,13.38,111.36,1082.93,11.35,79.82,0
71.9,11.46,7.96,121.56,1148.83,10.39,81.93,1
59.14,6.8,20.76,88.77,575.83,12.11,79.99,0
59.77,7.08,14.28,105.36,630.78,10.51,79.87,0
92.6,8.21,10.08,110.99,1202.28,14.8,81.0,1
60.52,9.19,15.53,108.46,1812.82,9.43,87.94,1
69.2,8.42,12.35,120.46,1023.14,12.68,76.08,0
69.16,7.89,12.17,110.47,775.14,9.84,80.09,0
51.17,9.99,12.52,100.95,737.48,5.72,87.82,1
63.8,9.2,22.28,85.95,318.93,11.89,77.03,0
57.82,5.92,16.65,123.53,973.17,12.54,71.04,0
63.05,6.27,16.18,103.96,1778.55,8.65,89.15,1
89.73,13.47,8.98,122.13,1144.34,11.91,77.82,1
76.17,5.98,15.38,108.07,728.66,11.55,75.93,0
73.59,4.61,8.15,105.88,1266.49,11.07,89.84,1
74.07,5.98,10.58,126.58,1213.09,8.11,78.03,1
79.02,5.21,15.54,108.08,882.03,11.6,76.77,0
52.3,7.76,19.99,139.87,1491.28,9.31,66.25,0
58.72,9.08,16.98,100.41,501.58,11.3,78.07,0
54.01,7.43,14.54,106.11,914.4,5.81,84.41,1
82.16,3.87,8.76,117.41,1214.36,10.68,82.35,1
68.43,8.19,13.62,114.72,1062.76,11.7,78.38,0
54.74,7.45,14.33,114.79,1213.78,13.23,79.89,0
67.84,8.41,16.41,101.43,1198.85,8.46,84.51,1
65.87,11.36,17.96,101.23,535.93,11.8,75.91,0
72.19,7.62,14.96,121.84,1261.34,10.88,75.2,0
52.37,9.64,20.03,137.69,1774.84,9.34,69.76,0
59.63,6.17,18.7,127.38,1528.02,7.84,73.73,0
62.72,4.78,17.25,110.03,1352.19,12.79,79.61,0
75.28,7.15,18.47,96.96,1597.04,9.69,86.66,1
68.14,9.46,18.29,97.73,475.06,11.35,76.64,0
76.44,10.21,10.31,122.14,1290.14,11.24,79.54,1
76.06,8.12,18.84,96.81,1327.08,8.73,84.25,1
47.89,7.1,20.2,128.43,1549.43,9.26,72.61,0
78.54,7.39,17.86,91.05,1368.6,10.29,87.48,1
57.83,11.08,13.88,99.64,1306.4,7.22,90.67,1
71.35,6.19,17.13,100.62,347.81,10.79,75.18,0
89.57,9.78,17.18,124.8,638.48,11.67,63.55,0
63.02,6.71,16.86,98.2,880.54,11.67,81.97,0
84.23,8.37,11.84,130.36,1193.67,11.29,72.18,1
75.21,4.92,7.52,112.48,1137.65,10.04,86.43,1
64.65,8.07,18.24,95.84,685.0,11.88,79.64,0
76.76,6.51,9.1,118.46,1168.09,11.37,81.41,1
71.98,4.48,16.62,95.79,1598.03,9.16,89.77,1
76.6,11.31,19.66,101.35,561.98,11.83,73.03,0
72.96,12.36,13.1,125.14,1404.34,11.63,76.43,0
60.47,6.73,18.29,91.7,0.0,10.49,76.58,0
47.92,8.87,20.34,88.41,212.57,11.93,78.76,0
56.12,9.4,14.68,131.35,1587.13,10.53,75.82,0
52.79,6.51,16.39,122.94,1540.23,11.59,77.61,0
64.36,6.83,14.25,134.18,1539.77,11.71,73.02,0
68.86,7.62,16.33,97.56,1119.56,8.76,85.51,1
90.4,8.2,11.26,121.7,1206.82,11.67,76.21,1
63.33,7.26,16.8,108.19,1740.64,8.71,86.07,1
60.48,5.74,19.81,93.54,608.26,11.94,78.9,0
61.49,4.25,15.19,103.15,946.96,8.01,83.65,1
70.2,7.11,19.5,111.03,990.88,10.18,73.79,0
82.11,4.09,11.81,117.08,1294.66,9.68,80.45,1
59.73,8.86,14.62,106.56,412.91,10.73,76.91,0
64.69,8.19,17.6,108.46,863.42,8.61,77.19,1
63.83,8.51,14.12,101.34,580.17,10.48,81.07,0
67.34,7.27,17.68,104.98,1306.09,7.71,82.79,1
87.2,10.52,11.38,113.73,1327.24,12.88,80.87,1
62.28,5.7,10.2,119.2,972.81,11.11,79.97,0
68.75,6.15,15.26,119.78,1708.71,11.36,80.06,0
92.2,12.32,10.81,136.36,1186.49,9.22,70.25,0
50.46,4.28,11.18,97.88,1112.52,6.7,93.7,1
60.61,5.43,17.02,120.57,1192.77,11.17,74.27,0
88.25,6.5,9.45,111.85,1152.77,12.69,82.2,0
72.94,6.4,18.71,101.09,1378.52,10.31,82.48,1
63.24,10.59,20.73,86.96,689.48,12.3,81.34,0
40.83,7.92,10.08,107.48,893.48,5.41,89.94,1
69.24,9.02,18.42,100.99,800.71,12.16,77.35,0
69.73,6.11,13.89,122.45,1110.37,11.52,74.71,0
89.48,9.31,11.81,130.48,1223.27,11.65,71.66,1
51.56,11.2,15.89,98.33,550.69,10.67,81.75,0
61.59,8.91,16.51,132.71,1670.78,9.89,73.63,0
64.39,9.61,18.74,115.42,593.24,8.88,70.15,1
71.17,5.09,21.15,88.6,1008.64,12.87,81.78,0
89.51,7.34,10.03,125.17,1222.92,10.19,76.7,1
67.31,9.49,19.96,114.02,1505.56,9.56,77.03,0
69.48,8.54,17.66,104.94,630.2,12.02,74.75,0
61.55,7.13,16.38,102.49,1161.06,12.43,82.75,0
73.76,9.97,8.95,114.0,1240.0,11.71,84.57,1
57.21,10.08,15.57,126.28,1520.11,12.0,75.99,0
92.96,7.18,8.96,123.98,1203.99,9.31,78.2,1
79.15,12.58,11.96,125.94,1258.99,9.23,76.23,1
69.0,7.03,11.28,108.95,1252.9,11.48,85.32,1
103.24,8.26,13.74,123.15,1293.51,11.89,72.09,1
79.35,8.45,16.58,107.92,859.67,11.78,75.43,0
46.31,9.98,12.99,121.65,1608.62,12.6,82.74,0
55.78,8.23,15.35,106.02,592.56,11.27,78.24,0
85.43,9.35,10.36,125.32,1188.9,10.93,76.15,1
63.28,10.8,14.96,100.95,1714.12,9.05,91.12,1
75.84,9.22,9.66,120.5,644.68,13.24,74.5,0
49.48,6.05,16.72,115.42,1377.58,10.6,80.26,0
59.12,4.37,16.27,111.0,1421.04,8.06,83.19,1
54.67,12.59,18.28,95.89,524.14,10.99,79.69,0
67.69,8.33,22.56,88.44,683.49,12.76,77.95,0
89.22,5.29,9.6,123.68,1209.54,9.29,78.17,1
57.64,7.0,15.77,108.14,1294.5,11.82,82.56,0
63.78,11.41,17.32,131.2,1502.86,9.55,71.9,0
91.97,9.54,12.7,106.02,1405.81,11.89,83.76,1
92.57,5.13,9.27,133.04,1200.41,9.58,73.4,1
59.74,5.62,15.88,110.04,1090.58,8.2,81.0,1
55.23,5.78,16.68,96.61,173.03,10.01,78.25,0
73.26,10.36,12.93,112.37,294.98,9.93,73.59,0
58.84,7.58,14.83,99.14,1286.32,7.15,89.65,1
70.19,9.29,20.24,115.68,1326.19,11.65,73.12,0
55.33,9.94,14.63,104.15,50.62,10.58,75.42,0
48.52,8.66,15.6,119.55,1364.89,11.34,79.12,0
79.42,10.8,8.2,103.26,1156.75,14.72,87.86,1
88.74,6.03,9.99,127.08,1164.86,9.44,75.71,1
66.52,8.91,8.18,114.04,1064.22,12.4,84.34,1
63.51,9.67,13.17,111.52,1037.28,11.56,80.8,0
58.79,11.53,12.57,110.92,31.74,9.78,74.08,0
104.28,9.67,14.2,130.55,1396.14,11.98,68.79,1
56.75,6.02,17.01,101.37,819.54,12.36,80.18,0
75.03,9.85,16.1,90.89,1063.44,9.16,87.58,1
75.75,10.31,10.02,99.51,1299.41,11.79,90.7,1
54.91,8.85,16.99,125.44,1648.39,10.65,76.88,0
63.27,8.07,15.9,104.37,1178.33,8.26,84.05,1
60.77,7.88,14.87,99.81,1255.05,6.93,88.87,1
66.12,9.99,5.07,110.6,1021.96,11.99,89.11,1
66.09,6.49,15.15,96.89,1042.34,9.12,86.55,1
69.28,9.87,16.43,114.02,919.95,11.25,74.58,0
59.49,6.08,11.11,123.34,1248.95,10.91,79.88,0
56.05,6.58,16.18,131.61,1507.09,10.69,73.36,0
85.01,10.38,11.61,117.61,1206.22,10.81,78.8,1
59.84,6.4,17.89,95.16,646.36,10.89,80.97,0
74.75,9.03,19.96,106.5,1169.24,9.09,77.0,1
79.21,9.64,9.16,121.28,1196.39,11.21,80.03,1
66.81,7.72,14.82,101.6,833.7,11.17,81.82,0
63.55,8.51,20.9,90.82,777.91,12.73,79.88,0
84.84,7.31,21.35,100.85,1451.35,11.56,78.55,1
84.58,9.85,7.21,117.11,1170.66,12.61,82.64,1
78.13,8.74,22.65,87.25,796.56,12.75,78.22,0
76.46,9.93,6.89,111.68,1120.84,10.68,86.91,1
54.39,9.9,13.12,99.36,1652.71,7.44,94.98,1
87.36,9.74,10.89,129.96,1137.16,11.18,72.55,1
68.46,7.32,25.0,80.14,767.8,13.01,79.95,0
74.85,5.68,14.84,110.8,362.02,11.13,72.26,0
62.4,10.99,14.43,126.62,1101.49,12.9,72.32,0
90.8,12.55,11.41,143.46,1147.78,9.11,66.06,1
54.45,12.6,22.37,80.0,532.52,12.26,82.63,0
61.39,7.88,16.57,121.39,1093.37,11.55,73.22,0
57.11,11.17,15.66,108.73,1009.78,6.68,82.1,1
71.09,6.37,19.94,115.39,1265.55,10.61,73.37,0
65.3,7.47,15.6,113.76,978.92,12.32,76.12,0
95.83,7.81,11.77,128.59,1197.54,11.57,71.68,1
68.46,5.63,16.54,98.25,1320.82,8.64,86.84,1
71.5,8.45,16.87,94.88,1207.74,8.97,86.63,1
53.48,9.1,16.96,134.28,1925.87,9.7,75.68,0
77.49,6.22,12.72,111.95,627.96,10.29,76.32,0
77.1,12.55,11.31,118.59,714.91,10.53,75.32,0
65.73,6.21,14.87,125.32,1572.75,10.69,77.22,0
61.79,10.85,14.98,97.45,805.91,7.14,85.7,1
83.13,11.12,10.48,107.96,1352.4,12.35,85.51,1
69.59,8.41,18.01,102.31,1438.32,8.07,84.49,1
58.35,3.66,12.48,90.45,1549.82,7.45,98.58,1
79.66,7.53,19.53,93.65,1824.54,10.1,88.48,1
56.46,7.08,13.78,120.71,1740.2,11.7,82.73,0
78.12,7.76,19.46,98.71,1327.05,10.58,81.67,1
57.25,7.12,12.01,113.58,456.96,10.46,77.05,0
67.12,11.94,15.24,105.91,976.71,11.61,80.35,0
60.61,12.02,16.15,101.61,728.73,12.03,79.85,0
66.65,9.29,21.77,91.88,949.3,13.44,79.31,0
65.96,7.83,15.25,104.41,639.84,11.27,78.35,0
67.54,9.48,16.94,124.2,1450.0,11.93,73.77,1
58.7,8.72,12.96,129.88,1728.83,12.07,78.64,0
68.08,4.42,17.49,102.81,1489.81,9.51,84.82,1
59.37,6.66,14.7,100.65,1353.48,7.15,89.58,1
87.36,8.23,9.67,113.7,1256.34,14.16,81.48,1
64.4,7.67,19.49,96.26,496.52,11.46,76.66,0
86.53,10.43,13.26,144.93,1219.13,9.2,64.51,1
67.03,4.71,19.69,122.34,1269.09,8.53,71.66,0
65.07,7.43,11.53,107.79,237.17,9.17,78.03,0
59.33,8.5,11.5,109.25,647.1,10.03,81.31,0
88.88,7.74,11.24,124.91,1211.32,13.43,74.16,1
69.58,7.46,17.44,97.49,920.93,8.34,82.71,0
65.15,8.97,17.11,111.69,1590.82,9.82,82.05,1
83.78,6.93,9.64,112.88,1187.85,12.21,82.54,1
87.14,7.97,7.5,105.47,1137.68,13.76,86.87,1
69.89,10.0,16.83,95.63,883.49,8.55,83.79,1
92.39,10.38,14.24,112.02,1361.24,12.79,78.43,1
58.69,8.65,15.91,108.95,1274.91,7.95,83.36,1
98.23,10.16,8.35,115.85,1187.65,12.2,80.78,1
80.23,9.55,20.69,92.52,757.83,12.13,77.41,0
65.7,5.64,16.5,122.58,875.83,11.7,70.22,0
87.83,7.17,8.4,105.43,1180.31,12.91,86.6,1
56.67,6.13,8.91,122.23,761.78,10.38,78.94,0
66.74,7.98,16.09,98.25,1335.07,8.7,87.62,1
52.57,10.49,11.43,132.35,1980.19,10.57,82.64,0
87.29,6.11,17.62,99.24,576.41,11.45,75.23,0
65.95,7.39,18.84,99.67,361.78,12.04,74.07,0
73.45,5.7,13.31,118.83,1137.37,12.31,76.53,0
58.61,8.21,16.88,130.31,1965.95,10.07,77.29,0
69.11,6.65,16.2,99.26,1211.59,9.78,85.18,1
70.5,4.35,11.04,113.99,549.06,9.91,77.38,0
64.93,10.19,17.06,106.4,1246.09,9.14,81.9,1
75.6,5.96,12.14,115.95,1182.49,14.46,78.4,0
95.56,4.21,10.95,139.56,1161.31,10.22,67.52,1
68.78,8.94,16.2,116.77,1227.36,11.56,76.16,0
66.7,8.55,17.8,116.28,1153.14,11.32,74.4,0
73.22,11.21,18.84,115.35,1073.99,10.04,72.84,0
56.96,7.55,16.03,110.03,1131.71,7.02,82.03,1
58.92,7.25,13.82,107.01,470.28,10.76,78.12,0
66.69,7.25,14.0,86.97,1661.66,7.76,98.56,1
47.33,3.95,18.29,125.04,1545.57,10.92,75.57,0
60.42,7.13,21.29,87.74,734.21,12.54,81.01,0
63.9,6.71,16.28,105.5,1265.69,8.92,83.53,1
75.14,11.34,19.67,106.47,1389.32,10.49,78.65,1
60.07,8.3,15.54,106.8,1592.62,7.32,87.71,1
69.12,5.91,12.26,125.02,1351.11,12.86,76.82,0
72.46,7.78,14.42,111.65,520.46,11.1,73.98,0
85.69,12.59,12.79,137.56,1223.79,7.86,69.26,1
91.56,6.11,9.95,122.91,1236.43,12.97,76.58,1
61.26,13.41,14.92,116.26,1433.73,12.36,80.12,0
65.82,8.87,14.33,115.62,1273.69,10.32,79.95,0
63.72,9.41,16.19,103.37,1358.34,8.04,85.88,1
57.09,10.99,15.62,119.08,1119.76,12.84,75.51,0
78.54,11.39,11.75,115.09,480.1,9.83,74.59,0
62.54,7.72,16.61,109.19,1470.1,8.31,83.64,1
81.26,8.11,7.09,114.86,1050.23,12.0,83.42,1
81.94,7.18,13.38,127.04,1292.46,12.5,72.81,1
74.6,4.42,18.16,99.37,400.16,10.83,74.78,0
65.36,9.94,18.83,93.72,574.51,10.93,79.39,0
74.76,7.66,18.88,121.32,1123.08,11.21,69.68,0
67.84,6.59,16.69,101.43,1539.63,8.88,87.06,1
78.72,6.06,11.84,115.83,1275.11,12.37,80.11,1
64.09,9.01,13.28,107.43,1048.87,10.94,82.95,0
68.92,10.39,19.67,94.03,1145.52,12.26,82.46,0
75.31,2.14,14.94,109.18,732.57,12.3,75.67,1
75.91,7.85,8.94,105.69,1201.84,12.32,87.74,1
88.41,5.8,8.39,121.37,1032.51,12.21,77.83,1
79.39,6.51,9.85,136.13,1074.95,8.58,72.14,1
86.86,5.99,7.7,123.46,1139.32,11.27,79.08,0
60.94,7.59,19.05,128.25,1371.21,10.93,70.09,0
77.93,4.28,8.27,104.91,1168.57,13.87,87.64,1
53.58,9.54,11.49,107.48,250.51,9.06,79.72,0
66.72,6.0,20.4,92.99,716.2,12.78,78.41,0
66.9,9.52,17.01,103.19,896.19,8.79,80.31,1
52.07,7.11,13.68,124.16,1488.2,11.68,79.45,0
56.7,8.32,12.41,133.01,1186.69,12.65,72.87,0
60.28,10.36,17.94,120.09,1424.74,11.61,75.45,0
100.07,7.98,14.67,136.01,1251.42,10.91,65.32,1
69.18,6.23,15.86,93.33,936.57,8.86,86.33,1
64.36,5.12,18.88,119.46,1269.18,11.57,72.93,0
59.95,10.14,11.63,112.4,753.3,11.26,79.99,0
77.12,8.98,17.47,90.26,1491.08,9.54,89.85,1
69.81,5.28,17.21,101.26,578.52,11.21,76.84,0
63.37,8.84,17.03,101.44,1088.82,12.17,81.83,0
74.49,7.78,17.21,105.41,923.08,11.95,77.05,0
69.46,6.57,5.76,114.74,1019.65,10.39,86.65,1
76.23,5.19,16.11,104.04,942.87,11.8,78.9,0
99.34,8.34,10.75,116.52,1244.06,12.32,78.26,1
64.08,7.92,12.95,89.2,1574.39,6.89,98.48,1
82.57,1.95,8.9,126.9,1122.96,10.43,76.87,1
82.27,5.61,12.66,118.25,842.76,11.67,74.12,0
70.41,7.4,16.47,99.18,1331.11,10.22,85.66,1
60.38,11.31,15.5,97.14,153.37,9.68,78.6,0
76.06,14.21,9.0,111.75,1184.47,11.44,84.95,1
54.26,9.69,16.89,120.98,903.75,11.56,72.22,0
50.87,10.87,12.58,103.84,1629.22,7.25,93.67,1
81.73,11.13,11.36,132.58,1160.05,10.24,72.05,1
61.98,9.11,15.92,108.55,622.18,12.01,75.64,0
73.55,7.48,15.99,102.73,534.22,10.93,76.7,0
59.27,5.82,18.16,97.69,550.96,11.8,78.3,0
78.31,10.39,12.12,118.69,1257.58,9.36,79.6,1
87.4,6.0,10.67,134.1,1221.4,10.32,71.89,1
52.87,5.26,18.91,124.25,1306.66,11.47,72.3,0
80.77,9.03,20.95,98.89,954.88,10.51,76.43,1
72.07,7.36,16.86,101.56,1097.25,12.33,80.94,0
72.25,6.53,13.06,104.62,606.38,13.38,78.62,0
88.43,6.24,9.36,123.13,1162.04,11.71,77.33,1
70.01,9.32,16.86,103.64,512.14,11.0,75.54,0
76.53,6.9,8.66,124.68,1148.49,8.86,79.78,1
62.99,10.21,15.25,132.94,1866.36,9.5,76.57,0
86.95,8.2,7.94,103.41,1212.93,13.35,88.26,1
74.57,8.99,13.0,109.91,1342.59,14.66,81.86,1
60.11,12.65,16.51,110.46,1002.79,7.66,79.54,1
59.48,5.01,15.2,104.61,708.4,11.27,79.68,0
59.03,9.28,14.7,125.58,1419.89,11.11,76.52,0
81.52,9.39,14.45,115.56,702.04,11.48,72.45,0
60.79,5.53,14.84,118.17,1169.12,12.61,76.87,0
59.74,4.4,12.76,108.36,513.08,10.18,79.11,0
60.24,7.23,16.3,111.93,1521.62,8.9,83.12,1
66.0,5.72,22.14,129.65,1776.26,10.1,69.53,0
40.01,8.84,10.48,110.94,928.24,5.29,88.32,1
59.03,5.93,19.18,91.06,665.27,12.01,81.39,0
50.02,7.44,15.76,118.47,1317.67,7.65,80.44,1
79.93,8.03,16.03,109.58,800.96,11.78,74.63,0
90.96,8.52,12.02,131.77,1259.18,9.77,71.76,1
86.95,4.37,10.37,104.06,1355.77,14.28,86.28,1
88.31,8.4,10.23,112.51,1225.48,13.92,81.18,1
60.81,10.9,19.7,119.29,1488.6,10.65,74.91,0
65.63,7.72,15.39,101.65,1465.9,7.53,88.49,1
60.2,9.87,18.55,87.83,495.66,10.77,82.49,0
66.84,5.57,16.64,98.35,1312.08,8.59,86.83,1
66.59,9.36,7.39,109.26,1037.49,11.9,87.44,1
67.64,6.97,7.21,118.57,1078.97,10.23,84.1,1
90.94,7.46,12.15,131.33,1285.49,8.96,72.41,1
86.37,5.88,11.37,114.0,1300.39,13.61,80.29,1
81.83,7.08,13.22,106.39,935.02,13.49,79.36,0
74.22,8.37,17.33,117.79,1428.35,9.59,76.47,0
73.13,11.08,17.68,97.46,1250.23,9.19,84.63,1
77.46,9.42,19.03,97.12,516.53,11.49,75.38,0
78.38,8.2,8.53,124.59,1083.77,10.59,78.44,1
87.73,5.93,9.48,114.89,1277.1,11.73,82.27,1
64.21,7.38,16.03,101.69,1183.27,8.65,84.98,1
56.34,7.47,13.71,98.83,804.0,5.97,87.48,1
60.5,10.12,16.87,126.65,1346.31,10.47,73.17,0
92.88,4.89,11.54,118.22,1402.77,13.29,78.36,1
73.71,6.36,13.78,126.8,1002.59,11.4,71.35,0
51.72,8.45,19.33,93.45,638.36,12.56,80.47,0
82.58,7.12,12.23,122.42,1466.51,11.84,77.99,0
67.5,8.85,14.96,91.34,884.81,7.83,88.42,1
54.57,5.23,12.77,100.47,1334.36,7.63,91.89,1
56.31,10.05,15.55,115.94,1084.66,8.46,78.74,1
67.96,5.96,17.0,127.37,1307.41,12.08,70.79,0
89.37,7.69,11.96,135.7,1248.37,10.36,69.76,1
71.26,9.02,21.77,96.5,740.92,13.29,74.76,0
91.74,7.67,14.41,131.4,1426.17,10.02,70.71,1
90.47,10.15,10.61,134.1,1150.97,9.89,71.16,1
60.87,8.25,18.16,129.77,1311.6,11.28,69.62,0
95.71,7.22,13.48,115.64,1363.0,13.89,76.64,1
55.41,9.54,13.82,100.44,580.58,6.65,84.41,1
63.99,8.45,17.04,105.35,1508.95,9.01,84.92,1
41.61,7.96,16.98,92.04,397.71,11.17,83.23,0
69.78,6.45,10.35,115.27,1106.12,13.04,81.2,0
72.31,4.95,12.33,101.54,818.73,13.15,82.85,0
64.44,9.97,17.69,102.03,649.69,12.27,76.78,0
91.86,3.74,8.74,132.27,1106.34,9.3,73.69,1
69.02,7.23,16.67,105.53,672.25,12.28,75.82,0
61.96,5.6,17.02,96.37,919.24,10.98,83.44,0
65.77,13.65,14.44,129.04,1367.3,10.76,74.02,0
89.05,1.33,12.45,139.57,1282.18,8.59,68.46,1
76.84,7.7,18.34,97.87,1567.5,10.15,85.71,1
64.35,5.84,16.46,101.34,1290.41,7.75,86.02,1
64.42,10.74,16.94,109.54,1183.93,10.59,79.4,0
78.37,6.37,10.3,103.79,1295.48,11.91,87.95,1
80.22,7.23,8.6,114.46,1129.94,11.84,82.92,1
63.29,6.15,16.35,98.01,980.66,11.09,83.7,0
80.4,9.94,8.64,107.31,1148.31,14.08,85.53,1
78.58,9.5,10.07,125.96,1130.77,8.53,77.43,1
82.32,8.4,10.28,114.33,1223.2,11.71,81.86,1
68.26,8.66,23.77,84.24,610.06,13.25,77.79,0
55.11,10.8,13.17,117.23,1313.01,12.23,81.19,0
61.39,6.47,14.49,104.48,917.19,8.01,83.49,1
84.52,7.65,11.29,107.78,1290.5,12.43,84.01,1
63.45,8.17,17.51,125.62,1483.67,11.98,73.24,0
65.15,9.74,20.55,91.16,267.55,11.33,75.95,0
89.79,6.72,8.72,113.94,1126.32,14.26,80.89,1
56.95,8.36,16.05,111.92,1269.19,7.66,82.05,1
68.37,9.35,20.84,127.03,1182.81,8.65,67.22,0
74.73,8.93,9.48,109.38,1155.81,11.55,85.44,1
73.23,8.27,16.0,117.71,980.63,9.96,73.88,0
64.18,8.79,15.58,115.1,1260.78,12.04,78.25,0
69.17,5.64,19.32,110.0,1307.9,9.47,77.71,1
54.42,7.36,16.9,127.71,1835.92,11.44,77.27,0
78.59,8.0,9.67,105.7,1207.79,12.51,86.63,1
61.76,12.23,15.34,103.46,1556.59,8.17,88.67,1
61.43,7.48,13.9,93.47,862.28,7.11,89.31,1
69.57,6.39,14.4,118.96,825.98,11.78,73.24,0
94.13,8.15,10.42,121.71,1220.85,13.33,76.08,1
66.1,12.14,15.77,97.56,842.07,7.15,84.63,1
59.06,4.55,13.89,95.25,1198.75,7.26,91.66,1
65.25,5.92,16.27,135.54,1714.28,10.68,72.13,0
62.67,7.3,17.43,99.05,796.39,11.99,80.13,0
73.36,9.88,19.35,106.29,989.41,9.39,76.18,1
71.29,7.16,17.56,127.57,1109.03,10.49,68.63,0
66.58,8.92,16.2,97.72,1632.73,8.73,90.41,1
87.17,7.67,10.24,133.5,1139.45,10.23,71.97,1
64.35,7.31,9.43,120.0,334.8,9.51,75.15,0
64.88,8.55,14.89,95.59,983.74,7.88,87.59,1
66.8,9.23,18.73,96.72,989.14,12.37,80.95,0
61.01,4.96,15.84,102.41,1151.06,7.64,85.35,1
83.44,8.63,18.2,104.69,1126.97,12.47,76.9,0
76.6,9.65,10.08,117.96,1208.21,12.57,80.49,1
91.55,6.45,10.55,117.56,1257.96,12.59,78.88,1
72.75,6.21,17.53,101.55,1592.28,10.35,85.4,1
66.45,7.61,17.77,110.17,1417.34,8.66,80.89,1
97.58,5.95,12.81,149.08,1130.85,9.12,60.94,1
74.64,11.58,17.16,122.97,1366.0,11.08,72.91,0
57.74,8.32,19.04,120.18,1459.26,10.2,75.46,0
72.8,9.44,17.49,99.7,1697.96,9.95,87.44,1
70.12,8.42,18.91,106.13,1410.52,9.7,80.71,0
95.75,9.42,12.69,131.55,1348.26,9.42,71.54,0
68.7,6.7,24.11,119.8,1339.54,10.11,68.02,0
56.02,7.35,15.21,104.13,734.81,10.94,80.67,0
77.76,8.4,20.36,92.87,1007.17,12.56,79.91,0
75.1,7.44,18.07,102.86,663.7,11.9,75.02,0
60.35,3.47,14.95,100.54,527.11,10.37,80.56,0
76.64,11.06,12.54,94.0,767.09,13.42,85.19,0
76.86,10.44,18.2,120.76,790.22,12.15,67.06,0
67.49,6.43,15.08,105.81,1163.49,11.76,82.12,0
45.99,8.72,11.71,106.17,884.84,6.15,87.88,1
86.76,7.87,13.67,121.77,1381.3,10.67,76.04,1
65.65,6.29,16.13,101.2,826.72,11.46,80.6,0
73.92,10.68,10.98,115.08,1290.84,11.01,82.65,0
68.33,8.98,17.3,97.92,1534.89,8.75,88.08,1
63.06,5.28,17.89,102.69,815.95,12.46,77.81,0
76.61,7.79,5.26,104.79,1087.61,12.4,90.9,1
83.33,7.64,10.34,119.0,1275.88,11.62,79.94,1
80.8,9.27,9.98,109.45,1273.87,12.98,84.63,1
50.08,8.88,12.84,104.22,1076.9,6.02,88.92,1
72.33,10.65,16.05,90.74,956.6,8.97,87.15,1
48.97,9.32,12.57,107.56,996.01,6.38,86.86,1
91.79,9.91,10.57,127.65,1238.12,11.43,74.28,0
59.27,7.47,13.49,123.55,1295.19,12.52,77.03,0
67.46,8.68,16.54,109.6,1193.86,12.96,78.53,0
74.94,6.89,11.96,121.6,1338.35,12.28,78.24,0
68.79,7.54,17.77,115.7,1005.79,12.54,72.64,0
64.11,4.69,17.2,118.54,990.74,12.35,72.36,0
45.51,8.61,8.72,93.8,1171.25,5.5,99.86,1
83.37,6.97,14.62,110.47,766.73,12.69,74.58,0
56.89,5.34,13.42,100.97,1656.63,7.61,93.57,1
64.96,11.46,15.69,103.91,850.82,11.54,80.01,0
87.36,7.9,15.65,130.62,1143.65,10.53,67.57,0
61.84,4.5,18.29,95.29,522.43,11.38,78.95,0
66.76,6.33,17.44,106.73,676.88,8.96,76.15,1
69.88,5.31,11.79,125.09,1449.08,11.84,78.49,0
93.37,9.98,13.24,136.55,1320.07,11.43,67.74,1
76.55,6.67,18.49,102.46,1658.26,10.64,83.98,1
78.01,5.53,15.1,107.5,438.01,10.63,74.09,0
62.9,8.65,16.85,105.56,1419.29,7.48,85.0,1
61.88,7.46,13.67,117.38,1255.93,11.5,79.6,0
68.09,9.67,12.42,111.92,1251.45,11.09,82.96,0
58.76,7.43,17.51,133.29,1799.37,10.22,73.63,0
105.36,10.37,14.15,127.69,1320.16,11.37,69.69,1
65.55,8.71,20.86,92.58,906.5,13.04,79.84,0
97.42,5.85,11.95,120.14,1283.58,13.19,75.47,1
73.3,8.29,18.37,104.69,1276.52,10.51,80.07,1
84.32,9.48,20.64,95.69,1391.96,10.53,81.76,1
52.11,5.15,19.39,123.42,1299.5,11.73,72.12,0
54.33,7.71,13.51,103.77,1117.71,7.89,87.51,1
55.34,7.79,14.25,102.79,458.45,10.4,80.17,0
103.7,8.04,14.96,138.19,1395.63,11.24,64.68,1
95.32,10.15,7.56,111.39,1187.03,13.18,83.68,1
71.01,11.11,18.58,121.07,1335.03,10.49,72.73,0
60.5,8.91,20.42,87.81,659.28,12.7,81.14,0
102.57,8.02,12.03,117.46,1341.65,11.85,77.15,1
65.96,11.1,15.69,96.97,999.52,7.44,86.29,1
85.31,8.92,14.23,132.94,1341.17,9.1,70.55,1
87.17,8.34,12.56,114.76,1204.2,11.28,78.71,1
67.82,9.7,17.34,125.97,1566.52,10.34,74.17,0
70.12,5.28,8.54,117.73,1144.07,10.74,83.18,1
74.13,9.57,16.09,126.73,1247.45,12.52,70.62,0
57.21,6.47,14.83,101.18,871.64,6.11,85.61,1
63.01,6.2,19.67,93.85,681.86,12.13,79.17,0
51.15,5.7,17.23,95.43,245.5,11.15,78.88,0
63.48,9.93,16.25,105.33,1121.33,8.25,82.7,1
80.46,12.23,17.2,101.97,956.97,12.1,78.26,0
57.19,10.64,15.96,102.83,789.42,11.5,80.62,0
68.94,6.6,18.93,106.35,855.95,7.88,76.56,1
94.45,11.57,12.79,108.49,1312.95,13.88,80.52,1
58.85,9.05,16.34,111.54,1512.72,7.64,83.88,1
81.18,7.43,11.39,118.47,1325.3,11.37,79.88,1
90.79,10.08,13.18,129.82,1367.44,10.35,72.22,1
64.4,9.51,16.42,101.42,1185.15,8.3,84.85,1
73.1,9.56,12.14,120.19,750.55,10.51,74.47,0
82.28,7.85,9.98,112.49,1238.71,12.97,82.68,1
73.2,9.19,20.07,133.4,1103.25,10.3,62.98,0
63.17,8.0,15.72,101.9,493.38,9.08,79.02,1
66.29,8.2,19.18,122.39,1395.32,11.57,72.1,0
74.34,9.4,15.77,103.47,904.19,11.23,79.65,0
78.04,8.5,6.62,113.47,1034.37,13.19,84.31,1
71.75,9.85,17.26,97.97,1658.07,10.28,88.14,1
97.06,8.33,13.44,143.93,1205.43,9.62,63.27,1
60.81,8.69,16.46,108.7,1206.23,7.35,82.3,1
87.18,9.15,16.58,124.36,884.49,12.39,66.56,0
73.86,4.14,9.31,99.86,1299.48,13.31,90.86,1
81.52,7.87,19.59,97.78,913.45,12.13,77.25,0
68.17,7.23,17.45,113.54,854.9,10.95,73.42,0
87.83,6.72,9.97,110.41,1247.93,14.11,82.65,1
68.51,10.21,16.27,96.81,1212.09,9.01,86.69,1
73.26,11.13,17.9,104.7,953.31,12.46,76.86,0
85.63,6.61,18.55,90.35,1393.78,11.57,85.96,1
48.04,8.04,18.45,126.7,1373.36,9.88,73.43,0
68.17,9.27,13.51,107.26,767.12,12.51,79.15,0
74.93,9.69,12.35,118.62,1312.14,13.27,78.61,1
59.9,8.77,20.69,134.54,1624.29,9.95,68.11,0
74.66,10.15,13.83,114.28,809.02,12.5,75.05,0
89.74,9.61,10.95,129.38,1181.14,11.81,72.62,1
64.08,8.37,13.9,116.67,1237.22,12.44,78.87,0
83.43,8.45,20.17,101.56,1280.95,13.47,77.3,0
82.34,9.8,17.32,102.17,672.02,11.52,75.54,0
72.94,10.41,18.87,104.21,1488.72,9.41,82.17,1
71.63,4.05,17.56,117.4,1119.22,11.03,73.36,0
62.82,13.94,12.08,119.26,1427.14,12.01,81.56,0
80.17,11.28,14.64,109.7,936.47,12.53,76.89,0
72.31,5.99,17.17,100.09,1365.19,9.46,84.89,1
76.76,6.3,6.82,112.82,1145.8,10.56,86.67,1
73.23,7.58,13.13,126.75,1505.27,12.27,76.22,0
87.38,8.52,10.85,129.58,1230.76,8.87,74.59,1
59.39,7.28,15.2,115.36,1063.08,12.92,76.95,0
59.3,6.4,14.96,103.54,1477.15,8.65,88.4,1
63.74,7.29,17.33,100.04,693.6,11.12,79.08,0
60.71,10.08,15.78,131.45,1704.52,11.0,74.93,0
59.34,8.36,15.77,102.89,1273.84,6.26,87.06,1
86.51,8.61,11.09,123.58,1183.03,9.45,76.66,1
61.17,8.3,19.1,93.79,520.8,11.43,78.87,0
57.08,7.74,16.17,114.6,1529.56,7.82,82.87,1
74.56,8.32,12.67,106.99,1080.35,12.25,82.31,0
63.57,6.44,15.11,105.19,510.16,11.05,77.34,0
97.4,8.69,11.93,112.46,1401.87,13.74,80.01,1
67.13,9.74,15.41,104.97,492.15,11.08,76.54,0
67.14,7.09,18.98,98.74,720.24,11.95,77.47,0
63.29,9.05,15.01,102.23,1068.75,7.56,85.35,1
68.69,11.03,15.51,122.37,1285.77,11.05,74.93,0
74.79,5.32,13.7,114.98,968.0,12.14,76.39,0
71.67,10.48,15.18,88.73,1313.56,9.92,91.88,1
86.12,3.91,10.55,120.49,1187.71,12.68,77.45,1
63.41,7.54,17.88,112.9,772.0,8.77,74.02,1
56.38,11.97,18.17,93.99,719.61,11.55,82.03,0
42.54,9.63,12.18,113.3,1081.73,5.43,86.4,1
98.56,7.01,14.02,123.53,1370.76,12.51,72.58,1
79.0,8.92,11.41,122.58,1272.45,10.71,77.94,1
64.16,6.49,14.88,126.32,1689.02,11.11,77.77,0
73.76,7.1,16.58,122.01,1470.16,11.79,74.71,0
66.41,6.19,16.53,98.26,732.57,10.63,81.02,0
89.62,10.63,9.84,137.89,1135.58,8.81,70.55,1
69.12,8.01,10.43,117.94,632.21,9.23,77.3,0
96.69,11.81,8.18,120.99,1195.41,12.49,78.61,1
57.88,7.95,17.12,98.41,1098.75,11.83,84.07,0
66.93,9.08,18.36,95.53,1207.92,12.34,83.86,0
89.7,5.59,11.24,116.36,1263.93,10.46,79.91,1
58.4,4.85,16.69,112.21,1224.09,8.55,80.3,1
65.14,6.34,17.73,112.12,1142.05,9.11,77.5,1
69.19,8.34,17.71,122.28,1495.12,10.77,74.58,0
80.46,9.12,21.21,96.87,1336.93,8.58,81.38,1
82.74,9.84,22.38,106.17,1332.76,10.5,74.55,1
40.0,5.59,19.15,94.51,292.72,11.81,78.75,0
66.79,9.22,17.89,106.62,1659.29,8.39,84.7,1
89.67,9.84,11.65,103.6,1346.6,11.62,85.88,1
63.63,6.26,13.96,123.83,1589.46,11.77,78.83,0
70.32,3.16,17.69,99.86,572.94,11.22,76.91,0
98.23,6.9,10.73,122.22,1291.81,12.97,75.82,1
71.42,11.64,22.16,86.81,114.62,11.84,74.06,0
73.44,8.71,17.63,111.51,945.88,11.31,74.26,0
70.23,7.34,19.23,121.95,1344.1,9.93,72.04,0
64.85,9.49,16.48,99.73,1281.55,12.17,84.77,0
63.71,7.35,18.69,117.88,1278.29,10.45,74.52,0
72.51,6.45,14.51,114.56,1111.24,11.88,77.39,0
82.28,3.8,10.29,135.67,1162.26,10.6,71.49,1
63.09,9.64,15.4,103.16,572.36,10.65,78.8,0
60.55,10.24,17.46,114.22,1043.93,8.51,76.69,1
73.71,8.99,18.91,115.1,828.25,10.99,70.23,0
75.25,9.19,18.19,98.98,596.05,12.18,76.03,0
70.86,6.08,16.58,113.53,986.98,12.21,74.67,0
68.98,10.35,16.67,119.56,1207.93,11.96,73.95,0
87.34,8.33,14.98,111.94,781.73,11.84,73.52,0
70.2,9.21,18.95,112.43,1265.48,10.2,76.11,1
66.48,7.09,17.05,103.67,1306.34,9.17,83.57,1
85.42,9.98,12.49,135.02,1238.01,10.04,70.04,1
79.76,8.0,9.68,102.64,1220.78,12.79,87.96,1
62.96,4.24,15.14,127.38,1280.23,12.1,73.07,0
66.14,8.17,16.75,102.41,761.11,12.04,78.48,0
67.3,9.32,17.27,102.61,593.89,11.8,76.32,0
75.54,8.82,17.32,102.6,548.61,11.44,75.06,0
89.23,7.57,16.85,105.91,981.49,12.25,75.86,0
88.3,6.19,12.55,136.65,1226.88,10.69,68.48,1
58.69,7.68,17.74,94.25,208.85,10.65,77.92,0
53.26,5.56,16.94,129.45,1710.36,9.97,76.03,0
63.69,8.87,16.84,98.77,775.77,11.18,80.91,0
86.14,6.02,6.62,130.17,1060.65,10.03,76.88,1
66.3,5.9,12.0,118.57,1075.73,12.55,78.21,0
56.4,7.37,18.36,113.73,1133.33,10.79,76.29,0
70.12,6.71,15.33,118.01,1229.4,11.99,76.15,0
63.25,9.62,11.5,114.62,667.55,10.3,78.32,0
91.39,11.44,11.87,130.34,1258.52,12.6,71.35,1
56.95,6.58,16.4,98.86,286.2,11.09,77.81,0
73.09,9.59,12.41,111.63,606.75,13.3,75.86,0
68.88,12.16,14.03,122.95,1361.44,12.32,76.31,0
71.66,5.8,18.22,102.6,1215.63,8.57,81.7,1
70.47,7.14,18.5,102.2,1576.21,9.06,84.74,1
74.78,10.01,10.44,122.29,988.55,11.08,76.91,0
52.17,7.6,14.74,127.78,1397.97,11.81,75.72,0
60.55,8.47,16.91,110.34,1384.56,8.27,82.26,1
90.04,5.29,12.08,125.38,1385.33,11.64,75.21,1
62.11,10.44,17.31,126.76,1393.34,11.68,72.37,0
72.17,9.88,17.88,101.88,707.51,9.86,77.29,1
75.92,6.91,8.35,110.64,1163.59,10.54,86.38,1
67.08,7.5,9.32,117.39,1145.95,10.85,82.85,1
62.43,9.13,13.6,89.15,1188.34,7.69,94.24,1
62.27,6.63,19.21,126.07,1197.31,10.28,69.55,0
67.26,6.92,14.45,106.53,1179.67,11.8,82.59,0
73.71,7.78,17.21,99.41,621.01,11.08,77.71,0
57.45,10.05,13.23,103.07,1228.25,7.12,89.09,1
84.79,10.21,7.81,129.53,1110.89,9.03,76.96,1
60.78,9.4,16.79,113.69,1194.6,8.53,78.95,1
97.53,6.95,12.0,127.48,1377.07,10.57,73.8,1
71.11,7.51,16.08,138.12,1486.98,10.79,68.34,0
62.54,10.86,16.86,131.63,1660.08,10.71,73.22,0
72.19,12.26,17.47,92.87,681.24,7.0,83.03,1
80.9,7.48,7.62,117.85,1058.43,10.69,82.09,1
68.58,11.33,19.89,113.86,719.79,9.0,70.29,1
66.57,9.53,17.33,121.8,1384.41,10.15,74.8,0
85.68,4.15,11.31,110.65,1325.71,12.92,82.57,1
71.85,7.43,9.96,127.53,1136.36,10.5,76.79,1
63.91,11.31,17.31,112.11,682.25,8.97,74.06,1
74.49,7.8,19.54,107.69,754.3,10.4,72.65,1
65.48,10.43,16.47,124.56,1424.75,10.94,74.51,0
89.89,8.19,7.93,117.25,1147.46,12.16,81.17,1
99.69,9.66,11.26,112.55,1226.37,13.29,79.04,1
87.87,8.16,10.49,122.48,1201.0,10.57,77.34,1
53.13,7.73,13.53,106.02,1103.74,7.42,86.62,1
101.68,5.84,8.73,115.1,1207.47,12.63,80.33,1
66.51,10.12,17.81,106.64,1766.1,9.15,85.42,1
68.22,7.34,17.02,105.09,1143.59,8.39,81.59,1
61.48,9.25,11.04,112.91,923.96,10.85,81.88,0
72.57,9.44,18.56,101.53,1259.74,9.75,81.65,1
57.65,8.58,16.31,109.63,1070.54,7.63,81.06,1
74.78,7.57,5.14,110.25,1099.7,11.87,88.93,1
62.77,8.82,18.27,121.72,1037.5,12.16,70.36,0
81.65,10.44,21.1,103.37,1054.43,10.35,74.96,1
73.08,8.47,17.31,113.95,987.18,10.82,74.03,0
68.43,8.97,15.51,103.56,685.26,11.47,78.52,0
79.91,9.46,19.79,98.85,1929.12,11.01,86.21,1
70.89,6.99,17.96,101.55,1624.11,8.99,86.02,1
72.94,8.06,15.04,106.88,490.88,11.05,75.33,0
67.33,4.91,16.91,101.68,906.92,11.85,79.9,0
68.98,10.22,18.26,105.48,740.79,12.69,74.62,0
83.56,10.04,9.99,119.01,1161.14,12.53,78.86,1
66.18,6.47,13.6,105.8,850.19,10.5,81.57,0
83.64,10.97,7.83,110.98,1187.38,13.88,84.66,1
67.13,5.64,16.34,100.02,1793.2,9.35,90.25,1
84.16,5.82,13.2,123.46,1309.77,10.85,75.32,1
94.38,8.07,11.12,142.3,1201.82,9.23,66.94,1
59.26,6.09,15.75,106.63,952.61,7.56,81.88,1
82.52,11.18,12.63,114.22,1314.32,12.06,80.09,1
85.15,8.94,19.89,107.44,756.23,12.83,70.16,0
63.86,9.18,14.42,105.78,878.49,10.84,81.1,0
48.19,9.73,11.47,99.64,1241.18,5.6,94.42,1
82.23,6.38,19.57,94.61,1215.78,12.45,81.27,0
64.46,8.28,16.94,107.85,1206.16,13.53,79.17,0
81.21,3.93,10.94,120.6,1187.64,11.29,78.14,1
89.08,12.41,11.35,119.8,1272.13,12.4,77.46,1
73.43,5.2,16.8,94.67,1053.46,9.37,85.03,1
71.56,8.33,8.91,102.75,1258.27,11.24,90.65,1
68.88,8.32,16.86,102.34,1483.67,9.62,85.52,1
68.95,6.68,16.79,95.2,1310.97,7.62,88.34,1
59.23,8.15,20.56,91.68,457.44,12.03,77.77,0
73.41,9.2,5.0,112.43,1065.48,12.74,87.52,1
70.21,7.99,8.14,110.55,1106.94,11.5,86.4,1
52.79,8.46,16.62,122.6,1828.41,11.59,80.09,0
60.81,9.68,14.12,102.29,1083.57,7.78,86.57,1
62.11,5.61,15.39,103.33,550.33,10.58,78.67,0
65.58,3.44,16.49,118.09,1373.08,11.73,76.82,0
69.16,10.24,19.45,112.36,1186.25,9.98,75.14,1
58.1,10.0,16.05,102.93,643.03,10.97,79.29,0
73.32,8.38,13.25,110.03,608.67,10.76,76.81,0
72.7,9.04,18.12,117.28,1394.0,11.67,74.88,0
63.36,8.04,20.11,88.8,837.13,12.45,82.35,0
67.63,7.09,19.62,124.02,1325.25,8.75,71.26,0
87.45,3.08,9.47,133.13,1042.64,9.93,72.19,1
59.94,6.82,18.26,122.66,1529.21,10.02,75.52,0
70.76,8.46,14.11,122.37,1374.25,9.81,77.46,1
83.68,5.93,22.35,113.07,952.36,11.34,67.41,0
87.76,9.76,9.93,127.18,1232.68,9.89,76.25,1
91.29,5.04,10.4,136.04,1103.33,11.72,69.15,1
93.65,7.37,10.35,128.07,1233.2,11.27,74.11,1
67.1,8.02,15.81,130.57,1270.21,10.0,71.14,0
91.01,8.8,12.69,149.5,1193.71,8.48,62.46,1
84.11,10.15,12.07,119.88,1192.37,10.41,77.38,1
57.09,11.16,13.78,104.18,1685.6,8.55,91.48,1
76.73,4.82,16.6,102.43,827.18,11.48,78.21,0
73.59,5.04,12.78,114.23,424.92,10.67,73.65,0
69.27,6.99,22.52,111.72,1067.19,11.22,70.63,0
71.5,6.73,17.45,98.33,753.27,11.09,79.41,1
79.29,10.04,15.15,123.72,1415.92,11.02,74.59,0
46.92,8.72,9.97,96.44,1510.11,5.77,100.0,1
76.43,9.01,14.43,108.74,758.26,10.78,77.16,0
71.26,6.2,8.48,114.33,1156.25,10.31,85.04,1
66.03,8.52,15.32,98.77,446.85,10.47,79.62,0
85.68,10.79,13.92,109.77,1466.41,13.22,81.38,1
82.49,8.14,8.01,120.09,1100.35,11.22,80.56,1
72.57,7.71,19.49,106.51,1147.51,10.09,77.13,1
95.74,9.35,15.25,129.36,1346.31,13.2,68.3,1
55.77,12.25,13.1,96.97,1452.03,7.52,94.19,1
72.48,4.96,17.68,96.62,1541.38,9.48,87.57,1
92.66,5.24,11.37,115.92,1264.99,12.72,78.69,1
58.61,10.31,13.27,105.93,406.0,10.29,78.89,0
74.41,5.7,19.33,104.29,1174.25,9.65,78.58,1
72.59,11.43,16.94,105.08,643.91,11.73,75.33,0
70.46,7.2,14.82,128.21,1646.83,10.46,76.08,0
65.05,9.36,17.98,95.18,627.98,11.38,79.9,0
51.01,9.56,14.99,120.45,1353.16,11.6,78.82,0
79.6,15.0,11.55,107.28,1329.46,10.79,85.58,1
69.84,8.33,16.13,119.52,1315.32,11.37,75.64,0
75.59,7.19,16.89,118.38,1456.4,10.99,76.14,0
71.08,7.01,8.95,112.71,1214.09,10.21,85.9,1
77.83,7.69,9.75,112.71,1190.66,12.84,82.96,1
79.19,10.26,15.87,118.41,1147.36,11.23,73.92,0
54.79,7.56,12.75,97.13,820.07,6.89,89.23,1
62.22,6.79,13.65,110.47,846.08,11.37,79.33,0
73.79,8.24,12.92,108.93,419.87,9.9,76.32,0
75.89,6.71,21.79,87.56,33.98,10.72,73.31,0
58.81,7.62,14.62,102.91,1144.19,7.29,86.73,1
77.89,5.21,13.24,111.01,502.72,10.74,74.89,0
93.13,9.69,11.28,134.42,1154.31,10.17,69.89,1
102.66,10.41,13.97,144.19,1389.26,10.99,63.0,1
57.88,6.61,19.73,92.3,389.77,11.58,78.08,0
78.67,13.1,15.12,114.06,1425.28,10.89,79.49,1
75.31,6.75,13.98,108.91,460.66,10.38,75.2,0
76.67,10.73,16.13,119.67,1089.63,11.66,72.65,0
58.07,7.41,19.54,121.84,1393.3,10.35,73.44,0
66.32,6.18,13.46,117.83,1389.75,12.58,79.82,0
80.74,7.89,15.67,130.17,1016.7,11.17,67.14,0
73.26,11.31,19.15,114.27,808.22,11.52,70.04,0
76.91,8.75,20.97,97.61,1148.19,13.25,78.03,0
54.24,7.71,13.14,104.81,1338.05,7.77,89.42,1
69.55,6.19,15.78,115.81,996.62,12.49,74.53,0
62.73,10.32,16.74,121.39,1419.92,12.69,75.31,0
65.56,6.09,14.57,94.35,2000.0,8.54,97.21,1
87.95,11.11,14.48,107.2,666.69,12.46,74.99,0
77.62,5.35,9.82,115.98,1253.02,9.59,83.26,1
83.82,8.71,10.6,127.98,1202.71,10.03,75.29,1
77.9,7.7,19.67,96.68,1477.3,8.55,84.65,1
51.57,9.71,14.92,119.31,1197.94,12.11,77.78,0
69.05,7.69,16.65,117.78,1224.58,12.02,74.95,0
63.1,11.5,16.24,107.03,1314.77,8.69,83.46,1
71.44,10.77,19.48,110.22,920.39,10.03,73.49,1
90.5,11.93,15.06,117.05,1373.93,10.42,76.47,1
86.64,10.81,20.81,94.98,1294.72,11.11,80.55,1
74.3,11.87,9.2,120.71,1253.46,10.62,81.58,0
79.79,10.65,18.63,94.02,1106.89,10.52,82.68,1
57.83,4.96,17.42,118.7,1051.12,8.41,74.98,1
74.42,6.88,14.53,115.75,1448.94,11.75,79.63,0
97.58,8.7,13.28,122.59,1347.23,12.48,73.73,1
55.69,8.43,18.07,91.96,1045.05,12.11,85.85,0
85.66,8.7,9.58,139.65,1092.96,10.08,69.52,1
50.04,7.24,17.52,93.81,564.47,11.34,82.23,0
80.44,5.08,10.67,113.67,1280.51,9.71,83.35,1
57.86,6.98,15.37,105.14,1570.72,7.9,88.51,1
58.81,10.34,13.82,117.96,1177.46,12.62,78.35,0
99.29,9.65,13.11,129.07,1352.35,11.11,71.21,1
73.19,6.86,8.15,99.26,1219.41,12.1,92.24,1
82.88,9.77,10.07,116.0,1306.74,11.77,81.93,1
69.48,6.62,16.93,100.88,1500.67,9.19,86.41,1
54.11,13.62,19.57,133.24,1360.82,10.54,68.0,0
96.81,7.85,14.48,132.12,1306.96,8.99,69.07,1
66.02,8.73,14.72,90.4,1005.09,7.7,90.42,1
78.38,8.65,18.15,92.03,1567.12,9.18,88.96,1
71.21,9.27,19.0,119.66,1119.66,10.73,70.94,0
63.02,7.74,11.97,111.27,689.82,10.45,79.61,0
61.77,7.22,13.46,106.12,1142.44,12.35,83.9,0
57.33,3.86,15.13,110.26,888.13,8.04,80.23,1
78.31,5.98,20.49,105.44,1283.78,10.06,77.16,1
90.21,7.03,13.7,115.54,1337.51,11.73,77.78,1
67.69,13.86,13.72,137.2,1649.95,10.66,73.16,0
58.38,6.78,19.96,86.21,284.08,11.04,80.01,0
93.82,8.89,14.02,129.45,1345.8,11.87,70.33,1
61.57,7.42,19.03,124.81,1673.35,10.35,74.63,0
61.04,9.52,16.08,115.27,1341.15,11.07,79.13,0
55.9,7.94,15.19,114.51,1530.61,13.07,81.87,0
77.01,10.64,17.42,99.41,961.8,11.89,79.8,0
79.56,8.88,10.78,98.61,1344.81,11.36,90.48,1
78.52,8.14,10.73,115.75,1212.58,12.11,80.88,1
67.13,7.62,16.36,102.23,499.1,10.89,77.01,0
67.48,7.22,15.96,95.06,1702.5,9.66,92.07,1
84.76,5.23,8.78,122.87,1169.48,9.95,79.3,1
59.16,8.41,15.39,99.61,604.51,10.75,81.22,0
74.78,8.67,16.67,114.49,1114.32,12.19,74.79,0
60.56,8.19,17.34,113.52,1852.35,8.61,84.3,1
57.07,5.85,12.42,136.4,1766.44,11.02,77.03,0
75.74,7.77,9.95,103.31,1381.81,13.05,89.14,1
74.7,7.96,18.86,101.2,1514.03,9.88,83.45,1
71.62,6.79,19.68,128.4,1489.35,10.31,69.42,0
63.7,11.38,19.52,95.87,422.55,11.86,76.08,0
58.66,8.56,11.93,110.58,99.66,9.63,75.59,0
82.57,6.55,15.46,110.74,531.67,12.17,71.8,0
82.81,5.45,21.6,100.94,981.11,10.52,74.76,1
67.01,5.6,17.15,107.56,974.83,11.41,77.63,0
78.36,11.63,8.17,123.17,1083.23,9.49,79.96,1
61.57,9.43,14.64,102.16,1468.97,9.0,88.91,1
81.02,8.32,22.48,120.1,1196.27,9.92,66.95,0
80.46,4.47,15.16,109.37,724.97,11.28,75.12,0
68.29,6.27,16.53,98.37,782.68,11.46,80.84,0
57.41,10.04,20.79,137.05,1564.21,9.49,66.76,0
81.61,5.98,13.53,112.31,1418.55,11.48,81.35,1
44.46,7.82,12.86,115.51,992.66,6.35,83.22,1
62.69,8.04,13.53,108.3,714.41,14.5,77.95,0
64.44,9.08,13.09,108.44,573.61,10.68,78.5,0
74.54,8.26,19.75,122.54,1069.32,10.88,67.86,0
65.89,6.27,15.89,130.43,1586.31,10.86,73.71,0
71.98,10.43,16.15,112.3,718.27,12.85,72.92,0
95.22,6.91,12.42,129.64,1276.41,13.41,70.48,1
64.73,6.77,14.49,95.66,1681.57,8.84,93.8,1
57.7,7.88,13.06,99.38,896.71,7.24,88.02,1
64.99,10.1,15.76,105.85,1134.21,11.82,81.39,0
80.23,6.75,9.31,128.45,1168.0,10.4,76.37,1
58.68,9.32,15.11,104.85,748.11,7.71,81.6,1
61.69,8.85,15.71,107.16,889.23,8.94,80.24,1
67.97,10.77,18.98,125.77,1749.55,11.07,73.84,0
67.25,10.92,17.2,102.5,872.34,12.39,78.67,0
40.13,8.13,10.05,106.92,603.35,5.55,87.69,1
70.77,12.79,10.83,110.51,839.29,9.32,82.08,0
63.64,5.71,19.3,94.22,236.81,11.23,75.73,0
73.5,7.38,15.15,111.52,572.56,11.56,73.43,0
71.4,4.93,14.3,109.88,483.83,10.18,75.15,1
81.3,11.46,8.75,103.08,1272.66,12.35,89.18,1
69.05,10.57,17.9,99.4,873.04,12.18,79.32,0
78.56,9.97,18.57,97.59,1498.09,10.65,84.58,1
64.13,8.16,15.2,102.21,1358.6,9.56,86.79,1
62.64,8.48,17.51,95.85,633.49,11.07,80.53,0
69.67,6.83,20.13,97.27,647.19,12.0,76.01,0
80.1,8.86,21.22,104.74,1150.42,10.69,75.07,1
70.81,3.75,14.62,140.68,1746.24,9.31,71.6,0
68.35,6.01,17.08,102.65,1013.13,9.1,81.24,1
76.34,9.38,15.37,114.57,881.89,12.7,73.65,0
55.54,7.23,14.15,110.69,1275.78,9.41,84.12,1
65.48,7.53,16.84,100.34,575.78,6.72,80.05,1
73.27,11.63,16.78,105.72,907.89,11.98,77.34,0
72.18,5.27,10.0,119.18,1188.57,10.82,81.06,1
59.39,5.47,18.39,122.88,904.89,12.06,68.93,0
82.77,6.68,19.24,121.67,1257.07,9.98,69.91,0
67.2,11.41,17.79,114.93,1269.16,11.79,75.83,0
57.42,4.64,14.51,106.89,766.22,11.29,80.04,1
70.26,5.5,17.84,101.3,1036.5,9.22,81.02,1
90.63,7.77,6.4,107.73,1168.39,14.59,86.44,1
63.46,6.52,14.28,116.87,1291.69,11.77,79.23,0
86.16,8.21,8.6,116.89,1151.97,12.53,80.96,1
69.22,8.62,11.5,116.57,844.8,11.18,77.89,0
84.97,8.72,11.24,127.3,1187.57,9.72,74.81,1
91.79,7.65,10.99,118.5,1266.8,13.42,77.67,1
70.3,5.13,17.32,101.75,626.3,12.05,76.5,0
82.89,9.33,6.97,122.66,1115.37,11.52,80.37,1
92.59,12.54,12.78,114.49,1329.5,11.77,78.89,1
77.94,8.34,14.59,110.0,912.19,11.49,77.28,0
88.98,5.01,9.12,119.98,1227.71,10.25,80.23,1
70.85,6.62,19.92,109.4,915.01,11.08,72.99,0
58.48,11.32,17.82,115.48,991.25,11.97,74.01,0
98.91,4.48,11.09,123.49,1268.88,12.39,74.78,1
69.1,7.67,10.55,108.52,1236.15,11.15,86.28,1
48.61,10.34,16.66,92.68,403.62,10.08,82.96,0
61.76,5.99,15.79,103.09,320.57,10.55,76.38,0
79.63,11.03,5.05,105.32,1087.41,12.54,90.45,1
68.25,7.77,18.16,104.05,1478.92,8.85,83.69,1
59.62,8.79,16.53,102.62,555.86,11.78,77.65,0
78.99,11.41,9.07,109.66,1182.02,11.67,85.43,1
81.03,8.09,19.89,95.25,1045.2,11.55,79.64,1
76.1,8.92,19.9,102.5,1183.32,9.38,78.83,1
57.6,5.13,18.69,93.64,543.85,11.36,80.03,0
66.94,7.33,15.64,97.31,1960.53,10.58,93.29,1
96.15,7.01,10.94,115.37,1265.52,12.7,79.01,1
70.28,8.62,14.56,129.22,1355.63,11.19,72.98,0
76.41,7.52,9.17,111.96,1220.32,11.71,84.83,1
66.87,8.95,14.61,106.03,1164.68,11.75,82.59,0
78.6,2.84,13.93,110.35,911.75,11.41,77.75,0
60.04,7.98,13.3,91.23,1105.4,6.02,93.8,1
63.14,11.28,15.92,101.76,663.82,10.59,79.75,0
71.98,8.46,14.47,104.62,859.62,10.78,80.53,0
60.84,8.56,12.84,112.15,1073.76,11.22,81.61,0
76.93,10.54,18.31,96.71,1573.82,9.91,86.45,1
85.56,10.69,18.1,98.14,437.54,11.09,74.39,0
73.98,4.54,18.55,100.32,1121.87,12.41,79.74,0
68.6,11.21,12.48,107.89,948.07,13.28,81.16,0
69.59,10.53,15.81,103.95,586.64,11.6,76.95,0
65.99,6.0,11.4,118.62,755.65,10.56,76.85,0
58.56,7.94,15.35,103.82,350.99,10.64,77.09,0
75.91,7.2,7.58,118.1,1131.37,10.24,83.42,1
66.18,12.26,14.79,106.01,685.72,10.87,78.61,0
70.86,9.3,15.2,117.12,1143.4,13.78,75.11,0
79.09,7.56,18.57,93.17,1187.94,10.16,84.11,1
70.37,10.3,20.0,119.12,845.43,10.76,67.79,0
62.72,10.43,16.93,98.01,682.8,11.11,80.51,0
72.08,7.23,17.82,121.93,1291.36,10.58,72.57,0
70.13,8.3,16.53,99.06,972.59,8.41,83.26,1
65.62,8.83,14.89,113.94,1296.45,11.97,79.71,0
72.79,7.41,18.37,130.2,1551.81,11.49,69.84,0
82.9,9.15,17.46,115.11,1166.42,10.34,73.97,0
50.25,7.24,13.85,113.2,1499.23,11.96,84.75,0
78.94,11.61,18.75,95.96,1628.91,9.72,86.69,1
70.1,9.89,19.24,96.0,708.66,11.65,78.19,0
72.27,4.01,18.47,102.86,1227.13,9.53,80.94,1
56.75,10.43,15.05,103.98,424.51,10.61,78.2,0
75.2,0.59,13.33,130.0,1452.8,12.25,73.75,0
79.11,6.41,15.65,112.82,1280.1,11.9,77.77,0
74.37,8.6,18.91,100.28,891.99,8.0,79.14,1
66.37,10.69,16.22,120.39,1052.75,10.47,73.58,0
72.3,5.82,19.08,103.87,1089.35,9.71,78.51,1
87.02,8.48,11.19,123.94,1279.53,10.21,76.86,1
60.7,5.75,13.18,104.92,969.29,10.61,84.09,0
90.4,9.43,15.13,126.31,1339.72,13.25,70.44,1
62.49,7.93,15.29,124.04,1604.37,10.94,77.95,0
74.04,3.8,9.59,129.38,1183.31,8.97,77.09,1
73.83,7.56,19.63,107.46,1495.72,10.98,79.1,1
62.88,6.83,14.64,97.06,938.05,8.46,86.73,1
69.74,8.3,17.69,100.51,1593.04,8.13,87.03,1
71.76,10.66,20.7,95.48,265.65,12.04,72.62,0
66.22,8.21,12.98,124.84,1461.24,12.73,77.52,0
51.0,7.02,13.08,110.13,1601.57,7.26,89.85,1
88.41,12.1,12.5,109.78,1273.56,11.83,81.41,1
85.19,7.15,12.56,123.51,1234.8,11.65,74.84,1
83.57,7.58,12.02,124.82,1250.86,12.5,74.74,1
71.29,11.21,20.08,109.98,1507.64,9.16,78.58,1
85.65,8.83,9.77,121.14,1202.45,10.35,79.12,1
51.68,7.89,14.86,114.89,987.42,6.89,80.3,1
68.85,7.41,17.88,109.26,825.38,9.65,75.25,1
64.8,9.01,14.09,111.91,924.64,11.73,78.42,0
56.63,7.96,12.83,117.41,1623.67,12.02,84.13,0
55.33,4.68,15.89,102.99,438.23,10.91,77.96,0
58.39,9.36,15.46,103.77,500.31,10.71,78.31,0
80.31,9.27,8.4,107.22,1172.85,11.6,87.1,1
58.02,12.46,20.16,89.85,576.02,11.72,80.4,0
55.13,3.14,17.95,96.36,497.19,11.21,79.43,0
51.5,5.52,14.57,111.04,1270.45,6.97,84.96,1
78.49,7.97,9.78,126.41,1153.18,10.65,76.83,1
84.26,6.87,10.14,104.94,1271.88,12.44,86.44,1
78.28,11.35,19.59,96.86,1577.81,9.83,84.96,1
70.86,9.34,16.3,96.24,1552.85,9.11,89.64,1
58.06,5.98,13.14,96.81,1703.76,7.39,96.25,1
69.35,8.22,10.67,114.7,679.62,10.06,78.65,0
94.17,9.5,10.57,131.46,1235.1,10.96,72.33,1
59.49,8.68,20.25,120.87,963.89,11.03,68.89,0
95.19,6.7,11.85,129.05,1210.35,10.14,72.16,1
63.47,7.09,15.39,102.12,544.38,10.83,78.93,0
58.87,10.68,13.65,109.46,391.17,10.7,76.45,0
80.07,7.27,20.65,98.87,1488.29,9.65,81.94,1
69.36,6.61,8.46,124.38,1025.71,10.8,79.06,0
82.51,9.12,17.99,116.11,1045.24,11.91,71.23,0
70.61,5.18,17.61,99.42,1149.57,9.59,82.98,1
77.81,4.71,21.1,107.75,1980.97,10.69,81.38,1
65.17,9.7,16.7,105.41,813.97,12.62,77.41,0
72.08,6.88,18.95,96.14,341.57,11.62,74.96,0
83.3,5.4,14.96,122.34,1400.43,10.84,74.92,1
54.48,7.73,16.3,101.55,682.91,11.76,80.14,0
73.25,10.82,14.3,110.39,955.29,11.59,78.28,0
97.12,5.91,11.66,133.69,1233.7,11.33,69.6,1
70.06,8.0,17.88,92.23,755.69,11.1,82.09,0
71.77,10.95,18.78,103.59,1513.99,10.0,82.67,1
50.5,7.86,17.43,129.57,1377.06,11.4,72.22,0
60.01,8.46,17.79,95.45,725.49,11.06,81.56,0
67.39,8.63,13.33,86.98,1290.71,8.63,95.51,1
71.26,5.76,14.26,130.34,1504.06,11.39,73.89,0
74.03,13.2,15.59,106.11,765.37,11.15,77.4,0
55.27,6.95,13.26,105.38,972.67,8.21,85.46,1
64.36,12.31,9.07,116.01,1154.69,10.44,84.35,1
65.47,10.39,14.78,102.6,772.39,10.92,81.1,0
75.48,8.35,18.1,99.55,1369.26,8.98,84.05,1
62.32,11.27,15.51,105.0,815.0,11.6,79.64,0
57.0,9.27,18.64,93.6,186.98,11.33,77.01,0
66.23,13.37,17.14,102.26,482.94,11.35,75.95,0
73.39,8.74,19.39,106.5,947.88,10.03,75.4,1
60.15,9.84,19.91,91.6,647.4,12.06,80.06,0
73.42,9.5,18.29,116.61,1210.47,10.74,73.7,0
64.22,6.87,17.1,102.23,522.07,11.46,76.54,0
76.98,7.64,9.08,109.94,1167.19,11.51,85.45,1
72.86,9.23,12.83,112.83,834.42,11.4,77.69,0
86.04,11.11,22.24,100.88,1174.52,10.65,75.4,1
91.12,8.24,8.78,122.21,1251.63,12.42,78.57,1
86.19,9.79,18.98,105.9,803.2,10.96,72.94,0
76.31,8.5,20.87,94.38,674.27,12.19,76.01,0
62.45,6.81,15.77,101.71,693.03,11.22,80.02,0
67.32,9.82,18.78,96.25,786.66,12.05,79.41,0
73.41,10.4,18.31,102.02,906.93,8.27,79.06,1
94.26,10.37,7.47,120.96,1104.28,14.6,77.94,1
73.82,9.98,11.67,114.43,1299.5,11.83,81.97,1
57.6,8.35,15.81,105.4,787.23,11.28,79.56,0
55.29,8.57,14.86,104.53,1637.25,6.67,90.75,1
84.05,13.36,8.35,111.11,1211.88,13.5,84.39,1
71.69,9.42,12.7,112.49,1354.74,11.21,82.83,1
57.12,9.48,15.33,123.81,1209.69,10.86,75.18,0
62.18,9.25,16.11,106.09,1809.92,9.94,88.04,1
48.3,6.96,12.88,107.58,1037.12,5.62,87.28,1
59.94,6.56,15.14,105.46,1340.67,7.81,86.35,1
91.96,4.4,11.13,110.87,1290.31,12.01,81.99,1
62.98,9.2,16.36,99.98,582.17,11.06,79.25,0
67.32,9.35,19.82,117.74,1325.85,9.59,73.77,0
57.87,9.38,15.24,108.24,762.33,8.41,79.75,1
83.59,8.61,7.65,104.06,1168.25,12.7,88.53,1
66.77,9.14,18.84,120.08,1314.37,11.4,72.87,0
74.33,6.27,8.27,124.33,1078.01,10.03,79.49,1
60.5,4.25,13.62,131.11,1424.79,12.01,74.47,0
63.54,12.87,19.7,93.06,661.32,12.46,79.13,0
71.6,11.18,19.98,118.86,812.5,11.45,67.21,0
81.87,10.47,20.01,102.83,1562.53,10.05,80.98,1
66.66,9.3,17.0,100.28,1098.39,8.49,83.67,1
72.13,10.46,22.29,86.88,572.25,12.84,77.44,0
65.43,7.32,17.4,108.4,904.06,10.16,77.06,1
94.35,9.52,7.47,114.4,1172.78,12.73,82.5,1
68.55,7.89,14.22,120.5,1115.51,11.34,75.57,0
79.37,9.18,19.94,102.47,1085.93,10.42,77.13,1
81.77,7.12,18.42,87.75,1264.37,9.73,87.42,1
63.9,8.71,20.95,124.09,1135.44,10.82,67.71,0
79.84,6.16,9.42,102.75,1248.43,12.35,88.59,1
102.95,7.13,12.74,150.0,1184.73,9.16,60.4,1
78.86,6.38,9.49,118.21,1220.96,11.1,81.46,1
88.35,8.52,23.7,105.12,1546.68,11.63,74.44,1
69.11,11.15,16.25,101.81,285.11,10.73,75.27,0
56.68,7.24,11.4,90.12,1092.04,5.0,97.03,1
64.66,9.0,17.4,109.36,1479.6,8.43,82.51,1
76.79,9.97,18.31,97.12,882.21,11.91,79.28,0
64.69,9.03,16.8,107.33,803.85,12.48,76.41,0
76.44,12.59,10.62,112.93,1228.61,11.0,83.21,1
61.52,7.75,15.95,107.15,1680.76,8.73,87.13,1
64.47,4.82,7.43,111.72,1089.37,10.96,87.33,1
65.0,8.51,18.27,130.12,1449.33,10.4,70.45,0
58.9,12.25,21.17,131.17,1427.89,9.14,67.95,0
66.14,7.21,12.39,130.62,1266.12,12.1,73.9,0
70.3,5.65,17.64,118.16,1040.25,11.31,72.24,0
55.2,10.96,14.02,104.53,1199.12,6.3,87.91,1
92.68,9.22,10.72,124.5,1227.27,11.51,75.41,1
48.2,6.36,16.67,114.83,1113.23,12.37,77.64,0
60.83,10.07,18.14,99.86,518.54,11.55,76.92,0
66.87,4.46,17.23,126.82,1280.71,9.46,71.81,0
74.24,7.86,21.68,91.59,850.06,12.87,78.03,0
92.39,8.77,9.64,128.58,1142.45,9.65,74.64,1
65.64,6.54,13.2,110.75,1146.62,11.69,81.8,0
88.21,10.09,11.98,122.93,1279.37,12.32,75.49,1
68.81,9.23,18.33,93.87,793.11,11.34,81.21,0
76.54,8.25,9.83,120.16,1213.32,9.19,81.18,1
55.37,11.3,16.04,100.55,378.94,11.06,78.39,0
64.02,12.12,17.59,98.85,606.94,11.26,78.51,0
63.0,6.51,16.18,108.54,1093.91,9.08,80.68,1
82.55,9.72,8.05,123.43,1059.81,12.01,78.21,1
69.2,6.53,15.81,103.34,709.68,11.47,78.44,0
61.98,6.29,12.73,133.06,1358.0,10.83,74.2,0
94.66,7.63,14.4,140.25,1258.21,11.28,64.09,1
79.31,3.93,11.17,116.77,1247.59,10.69,80.75,1
78.77,8.66,19.69,98.26,1376.45,9.81,82.33,1
67.04,8.47,16.27,97.78,1501.99,9.04,88.96,1
88.03,8.57,9.89,132.81,1165.15,9.3,73.2,1
44.19,10.03,12.35,109.5,1442.8,5.48,91.04,1
60.4,8.6,13.45,93.49,1052.86,7.37,91.47,1
73.84,8.34,14.67,104.23,722.67,11.4,78.81,0
82.16,11.09,7.37,128.12,1036.26,9.55,77.53,1
71.89,6.67,16.69,126.21,1042.65,10.87,69.38,0
82.81,7.23,17.95,100.85,701.43,11.76,75.62,0
65.33,3.37,15.48,104.83,623.91,11.24,77.85,0
71.3,11.47,17.25,97.63,1187.87,8.69,84.86,1
57.23,9.26,19.13,113.28,1164.67,11.21,75.71,0
78.63,11.33,8.79,102.26,1253.73,10.92,90.28,1
59.77,5.07,19.51,97.84,719.71,13.46,77.55,0
47.83,12.81,18.36,130.68,1876.91,10.41,75.87,0
85.82,9.17,19.79,97.89,1269.48,12.69,79.42,0
71.56,8.44,12.66,113.73,1251.84,11.7,81.17,0
65.42,5.24,16.77,102.9,1059.91,8.51,82.45,1
63.38,6.29,17.89,130.25,1637.07,9.97,72.83,0
89.13,8.33,22.69,100.18,1886.77,11.29,80.96,1
63.18,8.36,18.48,117.73,1148.56,10.93,73.52,0
79.84,7.36,11.54,123.99,1226.6,11.21,76.42,1
69.45,4.57,17.09,113.6,1324.71,11.67,77.5,0
62.21,11.26,15.21,104.56,1012.03,8.37,83.28,1
82.27,7.08,19.45,92.33,1531.92,10.67,86.05,1
73.71,9.4,18.71,98.62,1363.57,9.16,83.93,1
63.98,11.88,17.99,113.56,1112.03,8.87,76.5,1
66.86,8.41,15.63,104.15,274.8,10.37,75.11,0
95.58,9.94,13.77,134.19,1235.02,12.44,66.87,1
52.78,8.71,12.73,101.37,1382.4,7.48,92.2,1
61.91,7.54,15.96,104.76,1236.76,12.12,82.85,0
71.87,6.4,7.42,115.29,1064.49,10.84,84.58,1
73.46,8.23,18.68,101.66,1486.85,9.85,83.33,1
62.33,10.88,16.04,96.3,332.19,10.55,79.43,0
57.7,7.43,16.0,102.08,701.29,10.88,80.36,0
74.72,8.81,9.06,117.89,1234.0,9.47,83.35,1
87.11,4.8,14.47,119.38,1382.82,12.04,75.76,1
61.38,5.35,16.31,106.71,1467.83,7.23,85.72,1
63.83,8.81,16.22,102.73,1366.11,8.74,85.91,1
64.82,7.88,17.5,104.52,1005.1,7.34,80.98,1
50.44,8.03,11.48,110.9,1395.11,14.04,86.52,0
68.17,9.31,17.76,103.83,818.16,7.74,78.82,1
72.16,7.47,13.91,122.02,743.99,12.79,70.81,0
81.48,11.36,9.24,113.7,1225.99,9.66,84.25,1
98.26,6.62,14.54,136.85,1393.97,10.18,66.84,1
54.06,8.87,21.68,120.0,1225.23,10.43,71.02,0
84.3,5.59,10.02,119.19,1238.99,11.66,79.72,1
68.13,4.35,17.39,100.89,1151.23,12.45,81.59,0
51.66,6.87,17.61,134.77,1401.77,11.19,69.69,0
70.95,8.71,14.86,121.99,1633.79,12.13,78.16,0
61.93,8.18,14.93,113.17,1192.0,12.05,79.5,0
59.98,6.83,18.96,89.03,404.02,11.49,80.39,0
71.1,10.24,16.17,120.97,1064.3,11.71,72.37,0
89.21,8.73,13.04,136.08,1261.25,9.85,68.8,1
80.17,5.64,18.6,92.93,1168.8,10.64,83.69,1
83.03,8.74,9.38,108.22,1254.6,12.69,85.53,1
61.72,8.82,15.48,103.44,636.71,10.83,79.23,0
54.86,6.38,15.07,112.0,917.48,12.82,77.98,0
79.63,10.4,20.96,104.08,1284.63,10.06,77.17,1
79.89,10.34,9.92,124.86,1234.66,10.51,78.05,1
51.92,7.83,14.35,100.05,562.19,10.69,82.59,0
73.98,9.23,11.29,117.03,1231.79,10.45,81.08,1
65.8,9.54,16.31,125.51,1801.36,11.13,77.45,0
53.27,9.28,14.15,116.31,1330.85,12.64,80.8,0
72.48,9.34,20.99,96.74,1080.26,12.86,78.52,0
57.96,9.84,16.13,113.98,1500.69,9.17,82.28,1
60.26,6.97,19.98,88.44,383.61,11.28,79.48,0
70.29,9.03,18.3,105.28,1149.66,9.1,79.68,1
64.44,8.15,18.22,112.54,823.07,7.95,74.53,1
63.21,7.19,14.24,96.75,1591.52,7.71,93.39,1
64.75,6.49,17.1,97.14,604.36,11.13,79.8,0
66.35,6.3,15.76,126.11,1623.07,10.48,76.37,0
53.11,6.75,19.43,91.83,363.95,11.53,78.98,0
40.68,4.96,19.4,122.89,1646.6,10.49,77.3,0
79.97,7.52,11.18,130.53,1202.22,9.13,74.28,1
55.82,7.36,19.4,92.63,614.77,12.05,80.31,0
64.19,10.52,19.31,93.13,537.74,11.56,78.71,0
69.74,8.22,17.23,98.82,275.85,10.72,75.52,0
61.09,5.99,17.47,104.26,1017.73,12.65,79.43,0
87.36,0.1,7.06,113.2,1165.89,12.2,84.48,1
69.89,5.37,16.78,117.85,1077.56,10.92,73.84,0
77.67,9.9,7.2,109.32,1131.29,12.04,87.1,1
74.49,6.86,12.67,115.39,695.1,10.88,75.42,0
60.67,7.67,15.68,110.73,963.61,12.86,77.66,0
63.68,4.27,14.4,93.36,1659.23,7.74,95.38,1
60.01,6.9,14.69,100.97,1614.85,8.14,91.27,1
100.35,6.56,13.46,136.2,1247.56,11.46,66.2,1
67.41,7.4,14.77,89.19,1680.89,8.47,96.46,1
67.51,8.94,17.61,122.41,1286.9,8.86,73.77,0
71.95,4.83,18.85,105.45,1020.7,9.7,77.43,1
77.05,6.72,14.2,110.38,720.87,12.92,75.3,0
74.34,11.05,18.09,117.9,1284.61,10.74,73.84,0
94.01,13.6,9.86,124.0,1185.11,10.19,76.59,1
57.89,7.4,12.63,93.91,1609.08,7.24,97.42,1
88.33,10.58,12.46,114.8,1268.81,10.11,79.74,1
72.1,8.67,17.65,101.58,1606.34,9.87,85.67,1
59.65,12.48,12.98,125.56,1333.66,11.85,77.18,1
50.81,9.46,16.59,100.21,296.18,11.1,77.76,0
69.03,8.84,19.6,110.01,1127.41,11.06,75.15,0
72.58,5.78,15.78,87.88,1677.06,8.94,95.2,1
86.38,5.63,12.25,130.23,1257.55,10.29,72.56,1
55.73,8.28,14.75,107.44,1098.92,7.87,84.12,1
99.96,8.2,9.99,110.81,1267.66,14.07,81.21,1
73.36,12.68,14.65,127.8,1272.26,11.19,72.48,1
67.24,8.96,21.02,90.1,1022.74,12.99,81.73,0
63.82,8.64,19.68,118.13,1056.85,8.51,72.21,1
73.05,5.29,14.93,110.08,822.24,11.38,76.69,0
50.06,8.87,20.17,89.15,710.22,12.19,82.65,0
89.22,7.96,9.03,117.69,1235.16,12.03,80.72,1
69.66,7.54,19.67,99.53,879.39,13.23,76.95,0
56.33,8.53,17.67,104.7,1191.23,11.7,81.51,0
77.03,6.51,20.57,123.07,887.51,11.03,64.78,0
41.18,7.96,9.67,106.25,1133.67,5.77,92.91,1
65.19,13.39,17.68,126.8,1339.13,10.3,71.71,0
65.48,7.25,15.34,97.7,1257.51,9.0,87.99,1
60.07,9.8,18.04,114.48,861.68,11.13,73.28,0
102.35,5.91,12.42,128.32,1301.07,11.6,71.27,1
63.07,8.12,15.72,102.95,753.09,8.13,81.23,1
103.51,7.28,14.48,121.14,1417.34,12.15,73.24,1
69.36,8.42,16.56,120.4,1552.38,9.95,77.53,0
75.92,8.58,6.1,116.61,1058.11,11.97,84.32,1
87.7,8.19,14.02,117.24,1426.2,11.55,77.78,1
76.65,8.24,18.77,124.05,1611.5,9.73,73.22,0
75.49,10.1,18.53,96.24,937.76,11.83,80.16,0
80.39,8.28,16.36,113.57,605.43,11.76,70.58,0
65.15,4.61,15.84,114.78,1133.22,13.81,76.14,0
73.95,9.32,8.43,116.76,1085.55,11.75,82.37,1
77.83,4.71,18.11,100.45,1008.55,12.35,78.7,0
73.16,6.62,17.5,96.99,1297.14,9.28,85.42,1
69.25,7.24,16.48,127.86,1424.57,11.08,72.42,0
67.61,5.04,15.45,101.87,1467.42,12.49,86.01,0
79.18,7.27,20.61,102.84,1457.0,10.76,79.43,1
92.75,6.98,10.78,119.93,1290.79,12.25,77.79,1
76.22,12.0,15.7,101.95,1159.48,12.09,82.15,0
78.6,7.05,8.63,123.55,1123.51,12.26,78.47,1
65.05,8.89,15.77,102.13,491.51,10.15,78.17,0
81.5,9.63,8.23,128.86,1060.36,10.12,76.32,1
82.88,7.95,10.26,110.21,1191.19,13.04,82.96,1
78.09,6.47,8.1,112.54,1195.86,10.51,85.78,1
68.05,3.95,23.76,87.31,535.89,13.04,75.77,0
63.79,7.45,18.11,115.26,1391.16,9.61,77.74,1
66.47,8.05,18.48,115.4,1260.18,11.0,75.23,0
68.08,6.56,17.55,107.86,1593.31,9.89,83.08,1
76.94,9.46,18.04,96.15,1720.73,10.79,87.94,1
92.04,8.34,9.05,125.95,1179.2,11.75,76.0,1
75.34,10.95,14.39,111.5,717.66,11.6,75.29,0
76.63,7.4,20.0,100.78,672.22,8.99,75.12,1
72.55,3.99,16.66,102.11,1802.03,10.56,87.84,1
88.74,5.05,13.94,117.21,1367.51,12.48,76.84,1
84.09,8.31,10.0,109.69,1274.37,11.66,84.67,1
54.64,9.13,16.98,99.21,639.55,11.33,80.34,0
53.78,7.57,17.74,113.94,1241.67,11.88,77.65,0
79.68,7.3,10.7,120.4,1265.97,9.87,79.97,1
64.65,12.27,21.46,118.12,1180.3,10.25,70.61,0
50.36,7.97,16.27,99.27,229.38,10.82,78.12,0
68.63,7.58,15.77,114.77,1119.67,13.17,75.96,0
72.44,6.26,13.88,121.01,1115.44,12.63,74.67,0
50.61,9.19,13.2,103.07,455.76,9.84,81.9,0
69.0,7.73,16.11,125.0,1158.88,12.21,71.37,0
63.06,5.1,18.16,112.67,1006.71,11.3,74.89,0
58.98,12.27,14.36,104.89,1691.86,9.3,90.05,1
70.07,6.24,17.74,95.08,450.84,11.27,78.08,0
76.04,7.0,20.32,103.59,1269.47,9.63,78.54,1
54.65,7.9,18.99,129.88,1243.23,11.11,68.88,0
56.67,7.1,17.18,95.32,323.78,10.98,79.11,0
67.34,7.39,20.97,121.45,1172.55,10.48,69.04,0
53.66,11.41,21.94,129.9,1753.88,8.73,71.44,0
72.19,7.36,21.82,86.97,797.0,12.39,80.07,0
87.22,8.64,9.79,119.63,1167.61,13.73,77.91,1
88.35,9.66,13.09,118.69,1386.92,11.7,77.57,1
