Tenure,Total_Belanja_3bln,Hari_Terakhir_Login,Sesi_Per_Bulan,Jumlah_Tiket_Komplain,Skor_Kepuasan,Item_Wishlist,Churn
34.1,18.57,31.45,67.04,5.89,4.98,18.64,1
53.14,33.17,47.51,59.71,8.17,3.57,7.24,0
42.23,30.98,45.8,46.99,6.49,5.5,18.05,0
30.78,27.27,47.73,60.87,7.11,5.28,14.68,0
33.43,14.5,42.93,51.55,7.43,5.55,24.38,1
15.14,18.62,58.72,47.55,2.15,6.17,30.64,0
32.38,25.14,38.31,58.0,6.32,4.67,29.28,1
4.0,30.93,55.8,78.1,7.09,1.83,49.9,1
35.92,20.96,26.12,72.94,5.83,2.62,35.5,1
15.7,23.42,63.43,38.97,5.15,6.57,33.75,0
42.1,17.13,32.85,48.36,5.4,4.76,33.2,1
26.73,29.72,42.86,53.97,6.69,5.84,26.16,1
9.97,24.22,79.31,49.48,4.51,4.93,30.29,0
31.68,17.49,4.76,86.34,4.61,3.12,35.6,1
24.22,21.22,41.35,49.4,5.07,6.8,26.38,0
20.74,24.02,52.69,54.84,8.24,4.59,36.19,1
45.61,26.24,21.96,58.46,4.63,5.56,17.77,1
31.63,23.37,24.72,82.47,4.97,2.76,28.35,1
40.9,20.54,48.6,48.54,4.53,4.39,25.37,0
34.01,12.58,33.2,42.25,5.3,7.18,26.93,1
20.06,37.52,35.88,59.39,6.44,7.28,19.01,0
29.71,14.63,22.34,45.14,6.41,7.4,34.88,1
6.55,33.38,73.67,65.92,1.67,4.68,20.16,0
25.33,21.09,10.04,83.01,5.18,4.45,30.47,1
2.95,34.51,50.47,74.15,0.52,4.82,30.67,0
27.68,27.01,31.98,50.16,4.38,7.37,23.36,0
42.62,34.27,37.6,60.93,5.68,5.08,10.69,0
22.02,21.32,30.56,68.87,7.73,7.55,7.13,0
23.75,14.13,36.44,80.73,5.68,2.62,31.77,1
28.88,12.12,46.42,58.0,6.95,4.91,24.8,1
35.66,22.84,38.99,41.71,5.98,6.58,26.93,1
16.01,17.83,42.95,67.65,7.87,4.19,37.13,1
38.06,20.36,33.62,71.3,3.75,4.27,13.41,0
45.62,17.39,9.83,46.32,3.88,8.43,15.0,0
40.69,19.38,31.05,32.51,5.81,7.01,34.62,1
42.02,18.35,40.38,43.73,7.36,6.27,19.47,0
17.96,38.85,69.93,37.67,4.38,6.73,26.08,0
10.71,19.84,38.25,62.87,1.15,6.36,30.92,0
38.34,15.4,44.07,30.39,5.85,5.76,41.46,1
14.02,24.62,38.86,44.12,4.42,8.03,34.65,0
10.59,14.6,65.11,51.09,2.84,6.1,27.34,0
13.0,14.03,78.38,52.0,3.52,5.07,23.0,0
34.63,19.55,23.56,60.09,7.01,7.53,9.04,0
34.72,18.78,50.55,38.51,6.37,5.82,30.09,1
28.25,31.24,28.43,75.67,5.2,4.39,22.4,1
36.17,22.87,56.56,70.0,7.51,3.41,8.13,0
25.15,30.55,39.71,67.03,7.28,6.47,8.67,0
24.63,30.12,31.19,66.61,5.79,6.94,11.71,0
43.13,31.49,48.3,31.61,7.14,4.83,40.26,1
23.48,12.74,54.59,59.18,8.01,3.6,35.6,1
19.65,29.31,58.22,50.69,3.73,6.09,23.22,0
15.17,27.52,54.03,47.24,4.52,6.8,29.32,0
30.03,26.53,17.8,71.04,7.0,4.43,34.31,1
37.77,29.84,42.05,72.2,6.89,4.52,4.41,0
8.72,23.61,85.39,47.8,4.01,4.53,32.65,0
12.25,20.5,36.61,63.77,6.26,7.68,18.09,0
26.79,21.88,37.6,69.52,5.8,3.2,35.62,1
20.47,19.77,41.69,71.61,6.0,5.82,12.64,0
23.38,39.12,58.87,33.36,5.56,7.18,29.88,0
3.26,21.77,63.83,67.18,3.06,5.17,25.69,0
42.33,20.12,14.82,68.9,4.99,4.95,20.07,1
28.21,35.96,29.24,61.86,5.85,6.7,17.2,1
32.89,14.6,32.21,51.4,5.9,7.14,18.32,0
36.34,13.57,43.59,36.05,5.73,6.96,25.95,1
29.8,28.19,44.45,39.14,6.08,7.22,26.54,1
35.5,33.98,48.79,63.41,6.87,4.26,14.97,0
11.96,16.28,65.87,54.94,3.13,5.42,26.96,0
27.69,24.76,54.39,41.82,7.11,6.1,28.6,0
17.02,19.67,45.37,76.0,6.71,2.72,37.43,1
32.62,28.55,39.35,35.52,6.4,7.19,32.05,1
35.92,26.48,43.4,47.93,5.7,4.83,31.91,1
4.99,27.0,60.52,68.98,2.5,4.56,29.76,0
31.28,20.26,37.67,60.37,6.68,3.66,37.6,1
31.72,23.07,34.2,54.77,5.35,5.85,25.91,1
27.19,28.47,21.33,60.17,7.41,6.57,28.1,1
16.11,22.13,66.47,51.83,3.47,5.51,24.78,0
41.5,16.34,40.25,29.47,8.12,5.55,44.37,1
30.13,14.84,38.57,71.51,5.51,2.8,32.39,1
13.03,10.19,58.38,48.13,2.68,6.63,28.42,0
42.51,31.15,41.08,47.9,6.19,4.74,27.31,1
35.08,19.03,34.48,70.26,5.22,5.37,7.45,0
38.37,26.39,44.72,51.26,7.79,5.46,18.65,0
20.06,17.24,40.54,70.2,5.5,5.9,14.84,0
22.88,12.41,37.0,62.52,6.42,6.91,14.59,0
32.78,24.65,47.88,68.77,5.4,3.33,20.54,1
12.8,32.27,40.75,62.75,3.7,6.62,24.84,0
38.24,18.89,27.55,33.87,6.52,7.17,37.08,1
42.49,19.35,59.53,22.62,7.79,4.72,44.38,1
8.11,36.89,59.49,49.44,3.24,6.65,31.46,0
10.54,29.57,77.19,51.24,2.51,5.36,24.62,0
11.89,16.1,49.91,55.55,2.41,6.81,25.49,0
38.8,21.68,36.66,64.09,5.68,4.78,14.66,1
26.98,16.8,42.16,57.45,5.52,5.9,21.36,0
18.6,33.25,66.58,38.54,5.45,6.4,30.22,0
35.81,16.44,37.74,58.34,6.22,5.8,14.81,0
37.71,32.11,20.35,55.79,5.07,5.57,31.19,1
20.74,24.58,42.82,76.57,7.24,2.27,38.81,1
48.35,19.49,29.65,46.29,7.21,6.8,12.53,0
35.08,19.71,43.75,32.3,6.61,7.53,26.66,1
18.27,29.38,83.78,39.12,3.64,5.71,22.58,0
22.28,15.23,33.32,80.25,6.19,3.17,31.32,1
40.18,8.42,29.59,40.07,5.49,6.63,30.6,1
47.94,16.31,42.33,45.53,7.72,5.49,16.36,0
30.85,34.29,34.02,77.82,5.71,5.27,4.36,0
16.05,20.09,57.21,34.35,7.44,7.31,37.43,0
43.26,21.99,32.3,58.51,4.09,4.12,25.67,1
18.57,22.94,54.58,38.36,4.22,7.04,33.55,0
41.45,37.46,29.97,58.25,6.05,4.4,27.66,1
7.59,24.93,60.69,63.45,3.57,5.21,27.56,0
21.91,16.93,84.03,24.03,6.14,5.99,34.6,0
45.32,24.55,27.35,58.48,5.66,5.39,15.71,1
35.92,25.13,41.23,67.37,5.57,2.16,34.78,1
7.69,30.05,61.52,58.85,2.01,5.55,28.89,0
23.51,23.93,21.73,54.84,6.77,9.11,14.61,0
41.62,26.26,23.54,76.82,4.36,2.76,24.74,1
35.46,22.06,33.38,68.52,6.34,2.71,35.08,1
14.44,15.97,74.1,55.12,2.6,4.49,26.09,0
26.84,25.99,34.15,47.78,7.01,7.13,28.32,1
21.84,20.63,46.88,44.08,6.8,6.85,31.21,0
17.35,21.5,45.84,73.25,6.83,3.98,28.3,1
32.55,21.77,28.83,44.13,4.52,7.93,22.51,1
29.74,25.91,40.83,63.28,6.3,4.17,28.53,1
31.64,27.32,50.8,43.83,6.66,5.99,25.42,1
15.02,13.27,81.01,42.74,4.62,5.25,28.51,0
25.38,26.48,51.21,23.15,7.81,7.77,41.03,0
25.64,19.93,41.49,71.75,6.08,2.17,40.92,1
29.02,21.53,24.9,83.6,5.83,2.99,27.8,1
36.56,14.4,40.84,42.58,7.75,5.18,36.94,0
20.88,29.93,36.13,50.03,6.92,8.21,20.72,0
29.84,21.98,31.44,38.17,6.01,7.79,32.43,1
26.67,25.54,45.17,44.49,6.15,7.01,24.92,0
29.22,25.1,41.38,47.45,6.09,6.61,25.08,1
20.93,19.01,62.68,27.4,5.01,7.28,35.9,0
30.39,20.29,31.4,57.97,6.74,5.79,26.55,1
37.31,5.76,28.07,51.7,7.35,7.71,11.09,0
29.83,18.31,26.86,69.04,6.15,6.91,6.62,0
45.09,18.55,50.63,49.58,6.82,4.54,16.88,1
29.45,18.52,30.75,69.76,6.29,3.79,32.33,1
36.17,22.75,44.18,58.75,4.32,4.46,20.96,0
27.97,33.09,43.53,69.08,6.26,3.29,29.5,1
44.7,20.68,20.58,72.73,4.67,4.18,15.34,1
37.37,21.47,24.05,43.67,5.84,6.76,32.56,1
28.65,32.04,31.35,58.11,4.67,6.4,22.19,1
42.65,18.5,24.57,60.89,5.32,4.23,28.69,1
34.42,23.3,34.69,30.89,7.4,7.46,37.03,0
6.75,22.01,61.52,59.36,2.19,5.76,27.45,0
10.74,26.61,47.75,55.84,2.75,6.79,28.41,0
22.94,29.44,37.74,68.17,5.35,6.04,14.95,1
31.07,20.92,56.81,50.47,6.98,4.46,27.6,1
17.81,27.15,51.24,37.57,4.92,8.04,28.81,0
29.02,29.4,30.81,51.98,4.07,7.04,23.58,0
38.04,15.92,37.48,43.41,5.16,6.33,25.49,0
35.54,26.07,41.25,50.07,6.53,4.99,30.12,1
34.65,29.82,48.0,45.22,7.47,5.23,29.75,1
43.56,15.48,25.84,55.34,5.35,6.64,10.91,0
34.23,24.53,33.84,55.62,6.2,6.64,15.06,0
29.12,34.25,70.89,27.37,4.92,6.37,28.75,1
28.06,12.52,23.17,54.61,7.54,6.92,29.25,1
15.76,25.93,72.25,45.25,4.58,5.99,24.5,0
9.2,34.82,60.21,42.67,5.08,7.19,33.34,0
31.79,13.98,13.88,73.98,4.54,5.6,20.31,1
28.93,19.95,28.18,65.35,5.98,5.03,28.62,1
36.18,32.97,23.29,38.69,4.95,8.53,23.78,0
11.89,28.23,61.11,44.7,3.26,6.75,30.83,0
32.59,16.82,43.74,53.08,7.36,6.03,18.29,0
26.17,6.21,41.23,72.5,5.98,4.92,13.86,0
40.2,31.57,30.33,58.07,6.61,6.32,11.14,0
1.0,28.85,62.4,72.96,1.58,4.81,25.39,0
18.4,20.64,24.87,67.8,5.05,7.68,15.14,1
27.83,22.37,40.63,56.27,6.33,6.46,17.99,0
42.33,25.16,21.23,56.68,5.37,4.95,30.06,1
32.32,26.22,39.16,60.61,6.47,3.59,35.62,1
36.39,21.66,33.93,49.02,5.63,6.29,23.81,1
17.63,28.8,62.08,35.6,5.84,6.82,34.54,0
11.77,31.86,68.63,47.13,4.41,5.46,34.44,0
35.01,25.64,38.78,71.2,6.39,4.84,8.22,0
11.04,21.9,69.94,59.96,2.06,4.53,26.7,0
38.05,19.87,42.18,42.91,6.92,6.11,24.94,0
26.51,30.48,35.97,54.31,6.97,6.86,21.85,1
13.35,22.51,50.96,56.99,3.54,5.97,29.4,0
29.74,32.83,32.03,51.14,5.27,7.35,20.23,0
31.26,33.78,39.0,75.12,4.73,3.06,23.81,0
35.8,23.49,15.62,78.42,4.78,3.15,31.97,1
36.56,27.22,26.74,57.62,4.72,5.12,29.38,1
30.75,25.64,40.01,63.26,5.49,3.9,30.35,1
24.73,14.56,14.18,62.51,5.68,7.19,27.4,1
23.12,27.72,37.67,68.14,4.3,5.78,17.02,0
31.62,29.75,36.32,64.97,8.26,6.59,5.64,0
17.94,26.98,58.76,50.06,2.14,6.27,23.49,0
37.89,28.7,31.94,51.91,5.95,6.67,16.64,0
46.49,44.64,32.62,52.57,5.1,4.63,24.45,1
32.72,12.69,29.14,42.43,5.58,8.0,23.66,0
34.89,14.54,38.35,60.46,5.22,4.58,23.96,1
34.88,29.38,40.53,67.7,6.23,4.85,11.15,0
29.81,18.16,56.12,55.06,8.26,5.14,17.89,0
16.35,25.91,71.03,46.01,4.43,5.78,25.8,0
10.03,21.36,69.06,58.67,3.62,4.59,29.92,0
34.16,35.88,37.32,57.96,6.52,6.12,14.54,0
18.49,34.66,40.04,68.6,7.29,4.19,35.37,1
17.79,25.6,54.77,49.26,4.06,6.34,27.53,0
38.6,21.4,26.52,56.19,4.71,4.99,30.26,1
12.27,10.89,45.4,62.54,3.62,5.78,29.97,0
32.25,24.45,29.4,72.72,5.87,5.6,9.57,1
52.54,32.96,25.41,47.16,6.57,6.64,11.35,0
36.93,24.5,35.98,53.95,7.69,5.61,22.39,1
43.73,18.57,23.37,60.57,5.03,4.12,29.75,1
14.3,31.67,58.23,56.57,3.33,5.57,26.88,0
38.93,27.89,53.8,63.6,6.17,3.24,16.27,0
16.63,22.56,40.63,65.83,6.26,6.73,16.42,0
34.65,18.71,23.74,54.44,6.81,5.34,36.15,1
38.43,37.16,46.38,48.65,7.23,5.63,18.79,0
7.88,19.28,59.83,58.02,1.53,5.91,27.56,0
17.17,19.12,58.47,50.1,4.98,5.96,28.01,0
17.0,19.84,68.79,42.2,2.92,5.76,31.29,0
34.77,26.92,56.12,34.28,6.72,6.18,27.65,1
21.36,21.87,57.96,47.51,5.05,6.05,26.03,0
27.04,9.68,49.32,67.23,7.35,2.83,32.85,1
18.48,26.56,57.66,36.69,4.94,6.88,34.96,0
10.75,23.18,30.44,63.21,6.09,8.43,18.21,0
43.67,33.9,30.45,68.28,4.9,3.23,23.24,1
37.94,26.81,30.62,56.62,4.51,5.35,23.84,1
37.54,5.34,11.19,58.97,5.96,5.96,31.18,1
40.77,15.43,24.72,41.28,5.11,6.26,35.59,1
16.95,16.26,62.22,45.7,4.42,5.95,30.71,0
30.27,19.79,25.4,59.96,5.75,5.81,28.5,1
30.45,19.73,42.6,59.21,5.32,5.69,16.83,0
25.1,32.6,35.18,68.46,6.38,5.93,15.33,1
30.18,37.11,47.78,55.52,6.43,4.98,24.55,1
31.53,16.23,22.43,51.83,4.43,7.4,24.13,1
22.31,14.47,34.69,56.89,7.87,7.92,14.76,0
49.63,28.39,42.92,41.61,6.65,5.45,18.96,1
30.02,18.65,52.95,46.73,7.37,5.56,26.23,0
38.23,22.77,27.4,52.36,4.08,5.63,28.54,1
14.87,19.41,49.96,55.22,3.78,6.51,25.6,0
18.48,26.46,42.12,67.26,7.49,4.67,30.91,1
36.92,26.39,44.39,48.2,7.55,5.43,24.46,1
36.33,23.58,31.72,49.6,6.91,5.45,32.99,1
17.65,7.12,46.4,77.91,7.32,1.87,41.7,1
13.23,13.76,60.38,52.6,4.17,6.13,26.17,0
30.26,18.0,24.61,45.32,7.07,7.31,33.26,1
13.46,33.45,53.63,61.28,7.38,5.99,22.56,0
37.19,25.06,41.84,40.3,6.0,5.68,33.12,1
20.74,13.0,44.4,60.98,6.37,6.34,18.43,0
20.57,22.27,52.65,31.58,6.08,7.77,34.64,0
31.2,26.76,36.28,55.43,6.14,6.64,16.85,0
34.42,13.64,36.93,27.91,7.87,6.79,45.24,1
33.72,22.1,52.73,36.51,8.31,6.02,30.55,1
41.99,22.27,37.82,58.04,7.39,5.66,9.64,0
13.42,23.36,48.84,57.56,5.72,6.71,23.85,0
31.24,22.01,33.78,73.29,5.83,4.38,17.99,1
33.74,16.44,37.02,57.93,7.01,4.58,29.78,1
43.79,23.89,35.24,56.68,5.67,5.49,12.5,0
8.14,33.71,69.21,68.21,1.1,4.18,23.6,0
19.15,34.65,59.76,44.02,4.81,5.91,32.69,0
27.57,16.88,37.84,72.87,6.68,2.29,39.18,1
35.79,22.38,28.6,65.4,5.13,4.88,21.69,1
34.57,18.06,32.62,43.58,6.69,5.91,37.3,1
28.61,21.57,27.03,38.82,7.12,7.72,37.33,1
30.33,28.71,28.45,74.77,6.38,6.28,3.74,0
42.58,19.11,43.0,47.5,4.18,5.08,22.54,0
29.52,26.64,37.23,59.72,5.38,5.28,25.26,1
36.03,29.72,34.14,58.26,5.73,4.3,31.38,1
30.6,20.23,51.02,52.64,4.29,4.72,26.98,0
13.86,34.23,71.38,53.36,2.52,4.86,27.48,0
38.19,22.13,44.29,39.73,5.7,5.09,36.26,1
31.3,19.94,51.24,60.52,6.05,3.0,32.9,0
26.09,24.3,57.24,26.5,7.35,7.62,32.75,0
31.58,20.96,34.03,53.3,5.53,6.01,26.47,1
37.02,18.2,37.21,61.46,6.56,4.05,26.52,1
27.21,11.21,40.26,49.67,7.09,5.92,32.24,1
34.66,30.49,38.58,63.04,6.36,3.78,28.64,1
9.98,33.73,73.54,51.1,2.24,5.35,28.34,0
32.26,26.73,41.62,57.78,6.64,4.98,24.23,1
23.62,21.93,31.53,76.58,5.97,3.77,30.1,1
36.6,18.47,36.17,61.54,6.28,3.5,32.69,1
17.39,27.13,52.41,45.57,3.41,6.74,30.35,0
26.44,23.51,31.79,64.49,5.93,4.53,34.27,1
42.81,24.24,30.78,65.04,6.0,3.48,25.73,1
30.54,23.21,56.12,30.16,7.92,6.75,32.36,1
33.93,9.46,56.56,55.44,7.51,3.56,27.03,1
30.72,23.55,20.55,77.99,5.68,6.85,0.0,0
36.53,13.22,41.41,57.8,5.37,4.2,26.57,1
13.58,10.58,61.38,40.55,4.4,7.29,28.94,0
17.97,13.74,70.37,43.21,4.92,5.86,27.26,0
53.36,27.02,49.03,52.06,6.22,3.44,15.93,0
19.57,29.91,46.62,55.46,7.16,6.98,18.94,0
39.26,26.7,30.85,60.11,5.17,4.66,24.56,1
30.3,30.2,35.15,62.24,4.25,5.8,17.86,0
34.56,13.72,35.48,58.22,8.02,6.62,10.89,0
19.85,34.51,59.17,55.31,8.77,3.5,41.91,1
11.33,6.86,40.49,45.78,4.75,7.94,35.35,0
24.16,9.81,40.29,46.02,5.39,7.07,28.99,0
14.92,28.32,67.17,59.94,3.33,4.41,25.96,0
42.08,34.59,35.97,37.75,5.61,5.5,36.9,1
18.2,16.71,50.84,42.0,5.85,7.14,31.85,0
16.92,11.06,65.71,50.75,3.55,5.2,28.69,0
46.91,14.43,53.63,25.24,6.85,4.13,46.05,1
10.16,31.29,69.76,59.22,2.58,5.66,18.36,0
40.72,30.02,26.39,64.64,4.8,3.49,31.72,1
43.17,23.61,39.54,51.85,6.39,5.66,14.36,0
40.36,22.14,35.16,65.13,4.72,3.89,20.94,1
32.56,9.73,47.17,12.2,7.43,8.97,38.04,0
39.85,19.93,44.13,40.61,8.76,6.5,20.93,0
36.87,27.89,28.6,68.62,5.84,4.34,21.69,1
32.85,30.61,38.15,64.7,6.35,5.1,16.65,1
35.25,24.08,21.54,55.1,5.35,7.81,13.03,0
37.75,14.82,42.17,59.51,5.31,3.9,25.31,1
45.37,21.61,32.22,55.9,5.37,4.34,24.68,1
32.47,19.1,30.88,50.26,6.15,6.19,30.08,1
50.83,21.65,48.85,27.08,6.15,4.6,38.53,1
40.77,26.49,36.18,59.44,4.73,3.6,29.32,1
15.26,30.11,67.62,47.59,4.53,5.61,29.28,0
35.51,12.96,24.49,48.29,6.37,7.98,17.35,0
16.13,22.78,69.04,48.12,3.69,5.79,24.69,0
41.67,26.65,13.49,75.73,3.72,3.58,26.0,1
33.35,16.54,29.19,67.98,5.73,4.18,27.48,1
32.48,22.93,25.3,56.07,6.11,5.82,30.83,1
35.3,19.37,46.71,39.81,5.92,6.33,26.03,1
36.9,17.53,32.96,62.41,5.89,3.81,30.86,1
20.44,26.74,57.13,30.85,5.49,7.79,31.92,0
38.98,28.53,36.18,51.57,4.87,5.23,25.7,1
39.06,20.04,34.4,65.9,5.71,4.03,20.93,1
22.28,35.11,23.95,66.67,6.81,8.05,9.74,0
33.05,21.27,31.72,54.15,6.21,5.5,30.55,1
43.97,25.38,47.17,35.18,6.36,6.12,23.52,0
28.12,28.83,34.91,66.91,6.99,4.62,26.44,1
13.58,21.51,39.97,80.36,5.65,5.86,10.63,0
19.34,26.73,37.78,54.97,7.03,7.9,18.02,0
13.92,26.6,60.79,51.6,3.2,5.93,27.96,0
15.16,24.61,58.0,46.92,5.88,6.59,28.89,0
19.76,14.5,52.19,43.17,4.05,6.72,31.19,0
35.09,33.97,27.99,66.53,5.66,4.16,28.41,1
42.47,11.37,24.74,53.68,5.34,4.83,31.97,1
15.63,38.0,52.76,67.55,7.2,4.18,30.07,1
48.29,19.88,27.68,57.98,4.97,4.41,21.66,1
32.51,22.92,38.64,50.99,8.12,7.15,14.58,0
41.05,23.03,18.8,45.91,5.31,6.5,32.05,1
35.45,28.55,26.65,60.76,7.22,4.4,34.23,1
36.2,17.92,38.15,59.96,4.95,5.19,17.5,0
23.29,27.58,58.47,36.16,4.38,6.53,32.66,0
26.77,28.42,40.08,47.32,6.53,6.9,26.45,1
29.13,25.17,27.4,82.37,4.57,5.27,5.66,0
29.11,33.01,56.14,68.37,3.94,2.77,23.67,0
36.44,22.31,39.65,50.55,6.49,5.17,28.08,1
27.87,11.21,34.99,68.19,5.39,5.78,13.91,0
35.31,19.05,35.78,44.91,7.67,5.57,35.76,1
36.39,22.5,22.67,50.84,6.31,5.8,35.02,1
37.59,23.93,12.55,65.04,5.31,5.28,28.85,1
50.15,14.27,54.16,29.42,4.95,4.27,35.12,1
13.97,21.31,52.44,53.35,2.6,6.41,27.7,0
9.96,22.61,64.77,52.57,3.05,5.39,33.2,0
21.6,22.23,34.5,70.1,6.3,6.26,14.76,0
8.15,15.41,81.28,63.93,2.74,3.79,23.43,0
35.64,23.85,32.38,48.19,4.64,6.91,20.84,0
12.43,22.68,40.94,49.97,3.74,6.55,41.37,0
39.66,13.28,48.15,44.06,7.22,5.56,22.21,0
30.82,0.5,48.41,58.38,4.38,4.41,24.69,0
26.16,17.07,30.32,75.14,6.16,3.52,32.27,1
24.92,23.83,62.42,57.79,7.22,2.11,43.27,1
45.07,20.72,35.3,42.32,5.34,6.2,21.84,0
30.52,22.95,46.61,66.01,6.65,2.66,33.95,1
11.11,22.98,73.65,55.49,0.96,5.47,20.18,0
31.1,17.36,39.12,65.78,7.38,5.89,9.37,0
19.17,26.8,40.49,67.65,8.82,7.06,8.86,0
24.19,19.6,54.98,59.72,6.44,4.99,20.5,0
28.56,22.36,52.89,49.22,7.66,5.49,25.56,1
36.84,35.65,37.39,58.86,6.29,5.92,12.18,0
17.66,28.94,43.46,40.94,5.59,7.66,34.54,0
15.1,26.58,60.11,47.15,1.58,6.54,26.54,0
33.65,12.21,46.51,81.84,5.06,3.13,6.49,0
14.63,23.19,68.81,50.85,3.14,5.33,27.46,0
30.9,21.2,32.48,52.0,6.3,6.5,25.69,1
44.3,33.63,37.08,34.76,6.66,5.36,38.67,1
20.24,23.0,40.96,40.1,4.91,8.04,30.95,0
28.01,30.67,41.97,70.86,6.12,2.3,37.72,1
37.25,31.24,31.27,45.58,5.24,6.12,30.54,1
36.66,24.67,35.33,58.03,5.8,5.95,14.58,0
28.58,20.16,17.07,66.46,5.82,6.14,25.89,1
14.13,24.69,64.56,56.64,4.77,4.64,31.02,0
20.91,23.41,60.97,40.63,4.7,6.26,30.54,0
32.33,28.09,35.82,61.24,6.72,3.94,34.2,1
1.26,17.86,66.67,58.12,3.16,5.86,30.42,0
39.49,26.26,46.54,24.39,6.52,6.06,42.86,1
49.55,21.38,49.75,58.4,4.94,3.03,15.46,0
35.38,28.27,43.62,31.72,7.44,6.64,35.59,1
17.1,8.44,46.17,42.04,5.19,7.18,36.14,0
22.94,12.12,30.49,66.75,7.33,5.63,26.57,1
30.59,25.06,42.35,70.42,6.98,3.76,21.57,1
31.33,29.82,38.3,45.4,6.1,6.79,25.93,1
23.74,29.13,39.67,51.42,7.34,7.7,17.88,0
32.06,22.06,63.39,42.23,6.42,5.46,21.96,1
45.66,30.14,25.72,61.98,3.22,3.78,26.84,1
16.59,13.9,40.82,52.14,2.9,7.43,25.76,0
19.77,32.4,25.8,48.54,4.37,8.06,32.65,0
19.67,18.92,43.42,44.05,3.03,8.03,24.54,0
25.16,19.53,42.39,67.05,6.64,3.38,35.34,1
16.08,24.7,81.1,37.59,3.04,5.82,27.82,0
40.66,31.53,27.41,66.37,5.51,4.17,22.59,1
51.36,12.64,27.74,30.11,7.39,5.14,45.84,1
41.42,16.26,33.78,46.64,6.05,5.1,32.36,1
29.76,32.84,27.76,75.9,5.65,6.13,4.73,0
14.26,20.51,51.91,51.48,3.87,6.09,33.29,0
22.44,26.06,39.47,64.08,6.56,6.54,14.74,0
36.72,26.29,43.36,48.64,6.06,4.96,29.06,1
32.64,24.33,31.82,66.07,7.64,6.44,7.95,0
21.72,23.78,39.09,81.85,5.75,1.0,45.75,1
9.86,23.87,65.66,69.06,1.32,4.4,21.34,0
39.75,6.39,39.2,54.95,6.05,4.67,23.89,1
8.16,23.93,72.28,58.79,0.27,5.08,24.07,0
31.34,19.16,32.82,71.63,5.67,2.83,35.12,0
25.72,18.31,34.38,74.56,6.72,4.06,25.38,1
22.85,15.13,23.37,48.84,7.38,7.33,38.13,1
40.25,12.74,40.39,47.72,5.43,5.8,20.5,0
3.73,22.6,52.6,68.72,1.67,5.85,25.42,0
10.66,16.9,80.16,45.2,5.41,5.68,27.22,0
36.01,18.22,30.9,65.67,5.15,3.29,34.2,1
39.72,22.51,32.14,60.7,6.83,6.04,9.75,0
28.06,23.27,32.96,70.32,5.87,5.07,19.42,1
29.88,25.26,28.36,70.73,4.97,3.56,34.35,1
17.55,16.38,42.95,45.59,4.57,7.3,32.57,0
28.42,25.41,16.16,61.83,5.73,8.63,9.15,0
40.18,20.18,55.58,22.45,5.86,6.27,35.37,1
37.79,10.9,55.57,16.47,8.14,6.72,41.59,1
16.88,31.97,51.42,40.88,6.05,7.16,34.08,0
27.17,24.07,41.31,74.17,4.52,5.24,7.37,1
4.64,31.73,72.67,61.96,3.29,5.37,21.85,0
27.41,17.27,34.26,62.12,6.36,5.56,24.67,1
50.84,20.28,48.55,55.03,6.33,3.83,11.9,0
25.52,35.02,42.25,56.24,7.5,5.89,24.93,1
26.63,22.44,53.36,54.9,6.96,4.51,29.45,1
4.27,37.84,61.25,62.18,2.55,5.77,26.94,0
36.35,30.94,30.77,64.42,5.0,4.86,20.71,1
14.73,28.57,54.88,47.67,4.67,6.45,31.94,0
35.92,28.27,36.08,46.8,4.77,6.66,21.68,1
29.02,13.89,29.63,74.81,5.08,3.14,33.34,1
36.9,26.79,21.52,65.3,4.19,6.36,11.98,0
18.37,16.8,40.38,68.32,5.78,5.29,24.95,1
16.69,21.29,27.69,73.03,5.94,7.51,10.29,0
30.84,32.53,39.5,61.99,2.58,5.02,21.06,0
28.18,19.12,50.81,29.83,7.69,7.37,33.67,1
19.6,40.38,50.64,41.67,4.16,7.25,29.42,0
31.45,21.56,35.17,62.66,6.64,5.57,18.65,1
20.92,27.36,26.49,72.34,5.7,7.6,6.38,0
9.81,23.66,54.81,48.77,3.25,6.75,33.03,0
45.45,13.02,62.92,1.0,7.71,6.45,48.56,1
9.91,17.86,63.65,54.34,2.61,5.61,29.77,0
12.25,24.35,56.08,43.83,4.56,7.11,32.31,0
37.05,16.53,56.07,26.96,6.76,6.36,32.3,1
17.48,18.64,71.8,42.22,5.79,5.61,30.41,0
17.58,21.35,56.18,45.2,4.04,6.67,28.48,0
31.31,18.22,31.06,52.11,5.99,6.68,24.4,1
28.99,38.05,59.85,51.84,8.68,3.47,35.59,1
12.34,20.26,61.1,49.14,1.75,6.56,26.3,0
39.72,19.51,39.85,58.23,5.68,4.19,23.83,1
35.32,6.69,47.0,52.27,7.48,5.91,14.77,0
33.94,34.58,46.01,57.09,6.39,4.74,21.98,1
25.86,36.6,50.41,52.04,5.46,5.63,25.36,0
39.31,31.99,59.4,34.81,6.53,4.85,31.69,1
27.68,27.12,26.42,60.56,5.77,7.71,12.17,0
3.33,30.48,56.29,67.11,3.03,5.4,29.46,0
32.53,19.0,21.17,60.45,5.98,5.35,32.95,1
28.07,27.01,27.32,52.19,7.24,6.37,34.02,1
35.19,14.36,46.22,52.95,5.3,5.06,22.23,0
10.97,17.37,53.38,58.94,3.9,6.1,26.69,0
38.82,24.0,23.1,54.17,4.86,6.08,24.95,1
23.63,27.37,39.12,65.7,5.94,6.16,15.06,0
32.85,7.51,35.25,55.76,6.64,5.11,29.8,1
9.86,12.75,53.13,59.15,0.94,6.66,21.99,0
13.63,7.46,37.38,45.28,4.41,7.66,38.28,0
49.65,24.33,30.7,47.97,5.74,5.31,21.75,1
39.65,27.2,27.48,58.23,5.53,6.43,12.53,0
9.09,10.57,67.11,58.99,2.11,4.92,28.68,0
5.97,24.54,65.0,52.8,4.34,6.03,31.57,0
32.0,28.11,39.98,51.79,7.05,4.93,33.66,1
23.59,31.79,34.89,62.53,6.11,7.01,14.38,0
14.99,30.55,59.6,48.95,3.98,6.02,30.22,0
21.83,11.9,30.27,63.64,6.15,7.56,13.47,0
27.29,17.46,38.54,35.55,5.88,7.8,32.86,0
18.61,20.72,41.58,60.19,5.92,7.04,17.39,1
28.62,25.95,38.64,69.34,5.31,2.24,41.84,1
32.29,14.35,43.91,33.54,7.79,7.32,30.38,1
33.64,17.18,42.91,50.57,5.79,6.1,19.84,0
32.97,36.87,47.83,58.74,7.62,5.6,11.83,0
20.1,21.81,54.21,54.15,3.36,5.82,24.02,0
24.88,30.66,61.16,37.65,6.33,6.08,31.65,0
12.71,16.66,41.62,64.45,3.54,6.34,24.78,0
38.03,18.33,41.05,54.92,5.46,4.49,25.99,1
30.38,21.19,13.87,53.89,4.73,7.32,30.44,1
26.19,22.31,30.77,57.21,6.72,7.04,20.95,1
39.7,34.16,49.13,47.41,6.17,4.91,23.17,0
40.88,22.96,56.09,45.53,7.62,3.6,31.3,1
23.46,27.16,43.08,52.48,6.87,6.72,23.26,0
12.33,31.9,54.62,55.35,2.81,5.98,29.41,0
11.16,16.11,55.88,45.19,5.13,6.57,37.2,0
19.7,27.5,68.12,30.39,4.38,6.54,36.21,0
22.44,23.26,45.0,62.74,7.19,2.94,45.85,1
41.58,22.67,22.63,69.28,4.39,3.86,24.38,1
13.46,29.99,45.95,60.96,2.64,6.52,23.01,0
38.01,17.04,22.21,69.18,5.53,4.12,26.69,1
14.14,19.94,64.24,48.14,1.9,5.97,28.6,0
33.73,21.39,34.06,61.52,6.51,4.94,24.25,1
28.81,34.56,37.96,51.12,6.44,6.92,20.91,0
14.67,20.01,71.75,37.66,4.25,6.52,30.31,0
46.28,20.76,35.14,55.47,6.73,5.48,11.6,0
16.72,9.02,61.16,57.28,2.25,5.26,23.67,0
8.74,13.47,64.69,53.92,2.72,5.62,30.78,0
20.76,24.8,70.28,31.7,4.59,6.85,28.89,0
36.93,34.03,38.4,62.96,6.0,3.25,31.12,1
32.13,20.56,47.47,56.55,5.84,4.99,21.11,1
12.11,28.71,48.95,52.06,2.21,6.97,28.7,0
43.67,23.1,46.19,39.42,6.83,3.9,40.36,1
17.52,24.24,40.78,75.39,7.56,3.09,37.94,1
37.81,26.66,24.52,56.34,5.77,4.99,32.76,1
36.31,17.87,43.21,38.09,6.73,5.35,39.06,1
15.89,21.6,49.09,66.2,8.73,3.32,42.6,1
12.12,20.14,69.22,49.97,5.23,5.23,32.41,0
20.14,19.0,57.26,40.38,4.83,6.38,33.57,0
12.36,15.67,45.88,41.13,3.41,7.74,37.26,0
31.7,24.24,32.0,38.63,5.95,7.64,30.71,1
14.65,8.59,65.75,40.62,4.36,6.26,33.9,0
20.46,33.9,48.65,32.68,4.61,8.15,32.71,0
36.1,27.8,44.85,32.14,7.18,6.54,34.21,1
52.57,24.44,35.65,32.5,5.89,4.1,44.87,1
41.47,29.7,55.16,46.16,7.31,4.41,22.95,1
30.35,16.5,41.06,64.16,5.03,5.0,18.54,1
26.97,22.16,50.98,49.06,6.44,6.01,23.93,0
38.76,22.37,34.18,42.58,6.25,5.44,36.87,1
39.99,23.14,30.4,38.82,6.53,7.77,21.23,0
13.18,23.73,89.94,39.38,3.55,5.25,27.52,0
43.53,18.56,41.95,36.99,5.97,5.37,32.83,1
20.87,26.96,48.04,65.99,5.73,5.29,19.03,0
35.9,16.81,35.46,57.79,6.15,5.96,15.62,0
27.72,28.96,23.47,46.73,9.42,9.88,11.82,0
30.09,25.81,30.09,70.94,6.25,4.29,26.01,0
16.59,17.42,79.45,32.21,4.6,6.18,32.04,0
23.16,11.1,45.21,56.95,7.19,6.37,19.91,0
16.21,15.84,33.18,53.17,1.93,7.35,31.41,0
39.12,21.13,41.47,33.45,6.57,5.8,38.61,1
33.87,31.16,49.1,55.53,6.53,4.78,21.25,1
24.39,21.2,26.94,56.57,4.75,8.1,16.47,0
36.37,19.66,20.61,38.92,6.26,7.27,37.43,1
46.13,33.27,34.22,53.13,6.21,4.99,19.78,1
23.24,22.54,35.27,66.63,6.61,5.9,19.99,1
15.6,38.79,39.14,50.13,2.57,7.51,29.8,0
31.14,20.66,33.87,55.74,6.62,5.39,30.17,1
23.6,28.05,47.93,54.04,6.58,4.58,37.46,1
39.93,29.48,30.46,55.44,7.03,6.45,13.47,0
29.1,11.54,35.65,71.51,4.63,3.45,29.54,1
20.58,15.84,28.33,71.78,4.81,6.87,12.64,0
33.38,20.99,54.24,48.79,6.83,5.28,21.41,1
11.15,31.11,55.91,56.74,2.3,5.89,28.79,0
28.61,12.1,50.19,41.21,6.22,6.48,27.78,1
25.75,26.8,34.71,57.63,5.92,7.0,18.08,1
14.32,34.62,62.17,35.82,5.07,7.08,35.4,0
14.45,19.69,71.37,39.46,4.18,6.42,29.56,0
24.29,28.12,31.49,65.54,6.56,7.11,11.72,0
25.78,17.97,46.27,64.66,6.87,2.0,47.46,1
26.56,25.88,45.99,64.49,5.59,3.23,35.23,1
17.4,23.14,39.2,59.52,4.46,6.89,22.46,0
10.2,24.52,50.61,59.92,3.19,5.88,30.44,0
14.54,29.83,51.62,55.48,3.67,5.69,32.02,0
28.75,26.3,39.44,42.44,6.67,6.95,30.22,1
37.33,18.41,50.11,49.55,6.86,4.46,26.9,1
37.4,21.77,21.26,69.24,4.49,3.97,29.2,1
35.89,24.86,35.58,51.82,6.91,4.74,34.43,1
17.73,24.77,50.2,52.51,2.38,6.24,27.73,0
34.01,29.73,31.06,54.43,6.87,6.93,16.39,0
32.74,33.6,33.77,55.62,6.38,5.39,28.5,1
35.5,26.46,52.59,48.07,7.14,4.96,24.17,0
40.96,19.54,20.7,45.16,7.38,8.53,13.03,0
28.0,16.51,52.27,48.95,7.69,3.78,43.01,1
30.85,27.39,43.61,57.57,5.0,5.31,21.09,0
14.59,16.77,50.36,59.74,3.05,6.14,23.43,0
48.08,16.74,21.66,49.28,6.0,6.1,21.67,0
26.83,19.9,16.85,74.74,6.45,7.96,1.05,0
14.13,25.81,44.58,55.38,3.52,6.55,30.01,0
24.53,20.76,9.1,65.85,5.82,7.0,29.32,1
35.48,16.4,28.65,56.19,7.08,7.43,9.8,0
38.52,27.18,43.61,49.28,6.49,4.56,29.91,1
23.42,16.06,43.61,56.28,6.37,6.49,20.35,1
25.75,30.45,35.33,65.7,5.62,6.35,13.78,0
38.62,22.53,28.98,52.25,5.67,5.59,27.75,1
35.93,25.79,34.41,45.21,6.61,5.56,35.59,1
38.83,21.55,30.02,67.18,5.71,4.4,19.57,1
12.32,17.56,68.9,43.33,5.71,6.2,31.62,0
17.89,11.15,64.98,40.22,4.74,6.16,32.33,0
25.54,24.98,29.2,65.37,6.08,6.34,19.35,1
29.91,21.01,0.0,79.34,3.13,6.08,21.87,1
31.32,28.61,51.85,52.75,6.61,4.82,24.98,0
38.27,23.34,13.82,53.29,6.69,8.89,8.02,0
7.81,12.25,60.38,55.93,1.05,6.32,25.84,0
23.4,27.12,48.73,35.61,6.57,7.44,32.79,0
19.26,27.17,51.2,33.27,6.55,8.11,32.09,0
32.63,22.49,30.51,44.74,6.76,6.81,31.26,1
17.94,24.82,46.52,42.51,4.74,7.25,33.56,0
32.14,32.41,36.45,57.69,6.82,4.46,33.38,1
27.51,22.09,45.23,42.28,7.68,7.09,26.27,0
47.45,17.01,37.17,54.65,5.54,4.35,20.02,1
43.64,11.33,35.86,46.69,4.07,5.75,21.65,0
31.79,19.55,20.25,75.97,4.49,4.34,24.73,1
30.39,17.97,26.58,44.08,5.83,7.49,31.12,1
34.38,21.37,44.47,50.0,7.77,3.96,38.87,1
23.16,27.17,23.06,65.19,4.72,7.87,12.47,0
43.8,14.19,44.74,21.23,6.37,6.29,41.04,1
28.55,15.72,30.35,42.74,7.16,8.7,20.89,0
16.18,37.23,46.77,43.71,4.69,7.39,32.62,0
11.92,30.41,68.08,48.71,4.14,5.48,32.54,0
39.7,21.24,38.28,59.88,4.96,4.95,15.75,0
28.91,23.56,31.26,72.2,5.84,4.26,25.04,1
15.21,26.52,63.31,48.59,4.07,6.02,27.56,0
30.15,13.32,43.62,41.43,7.1,7.12,25.13,1
10.89,18.04,90.0,29.96,4.12,6.59,29.13,1
38.31,19.36,33.49,51.48,6.18,4.9,32.07,1
40.42,15.6,26.18,63.98,5.58,4.73,21.55,1
32.08,29.57,29.97,67.11,5.77,3.46,36.18,1
42.29,15.16,21.87,62.55,5.38,4.9,22.89,1
15.16,21.52,48.11,41.6,5.69,7.23,37.01,0
24.16,26.18,31.85,46.1,6.08,8.19,25.1,1
38.92,22.3,28.66,35.49,6.45,6.38,40.85,1
27.62,22.74,29.55,64.21,4.51,6.48,16.53,1
29.23,24.0,25.81,70.35,5.94,6.87,6.82,0
21.85,11.42,27.51,77.42,6.24,5.68,16.37,1
37.6,15.3,28.08,71.86,5.74,3.48,25.36,1
14.72,25.57,68.61,47.34,3.54,6.09,24.79,0
34.88,16.33,44.93,53.77,5.53,5.43,19.15,0
42.28,30.3,27.55,59.25,4.53,5.25,19.03,1
7.1,23.27,56.25,62.58,2.58,5.76,27.31,0
29.61,26.98,39.98,60.45,6.47,4.35,31.12,1
7.42,34.45,50.15,60.61,2.03,6.41,27.81,0
9.34,24.25,59.79,58.5,3.05,5.96,25.2,0
39.79,26.68,24.93,47.42,3.81,6.27,28.66,1
22.01,22.79,47.92,85.71,6.67,4.21,4.08,0
16.33,18.38,54.23,69.05,7.98,3.71,30.81,1
42.29,26.76,21.08,61.31,4.95,6.52,9.81,0
26.3,19.82,26.91,54.67,3.45,7.48,22.17,1
26.25,6.38,30.87,61.49,6.45,6.08,24.58,1
33.46,26.1,43.86,61.3,5.84,4.53,20.9,1
37.06,19.71,28.14,62.97,6.25,5.17,21.07,1
36.58,29.56,26.85,42.52,5.28,7.94,21.48,0
13.34,27.91,75.83,40.39,3.78,6.1,29.18,0
36.19,27.03,32.77,61.24,5.49,5.86,14.0,0
42.52,1.34,47.06,40.46,6.84,5.87,21.29,1
35.71,30.81,41.09,37.72,5.72,6.42,31.61,1
37.01,23.34,35.19,28.1,5.46,8.21,29.6,1
39.25,24.4,39.62,54.08,6.58,5.21,20.29,1
36.88,13.15,28.3,51.57,4.7,5.71,29.71,1
19.35,24.43,35.33,56.88,3.84,6.3,31.85,0
31.66,9.49,55.16,35.84,6.31,6.96,22.56,1
20.0,6.95,59.61,54.95,3.16,5.59,21.11,0
19.23,11.84,36.54,56.16,7.73,8.2,15.04,0
5.37,22.73,68.29,62.98,3.16,4.75,28.92,0
31.92,31.24,27.31,48.15,5.11,6.78,30.37,1
25.38,20.51,29.51,52.32,6.76,7.19,27.48,1
39.26,10.33,32.58,52.98,5.08,5.44,24.59,1
18.65,18.07,54.73,67.41,8.57,5.45,13.72,0
44.56,28.41,27.84,57.97,5.94,5.25,18.12,1
16.92,35.25,58.96,50.58,3.27,5.91,27.48,0
37.58,16.41,31.7,61.92,6.47,6.46,7.0,0
27.52,26.21,41.81,67.33,6.33,4.68,20.54,1
38.97,19.27,41.88,46.93,7.08,4.06,38.42,1
39.21,23.28,37.73,54.46,5.84,5.56,17.91,0
39.2,22.74,33.18,59.03,4.23,5.36,17.35,0
4.36,26.75,78.61,65.79,2.31,4.03,25.21,0
31.78,24.38,47.42,38.38,6.1,6.52,29.44,1
25.34,17.58,32.23,73.99,5.86,2.92,38.62,1
19.87,31.51,48.16,33.76,7.19,8.77,27.14,1
6.44,24.45,59.84,62.98,3.47,5.28,29.37,0
16.11,27.67,55.79,49.52,3.87,6.31,28.5,0
39.55,23.74,21.61,45.89,6.98,8.35,14.62,0
21.9,15.6,27.68,85.37,4.71,3.5,26.5,1
20.24,27.61,59.57,64.43,8.29,4.75,18.23,0
37.51,21.46,52.06,49.97,8.15,3.4,34.81,1
27.23,18.94,25.96,69.28,6.55,7.34,6.01,0
20.63,26.08,18.83,64.61,5.36,8.94,9.45,0
37.76,8.47,38.27,41.95,5.37,6.37,26.65,0
35.12,24.26,40.16,63.19,6.46,3.73,27.17,1
15.17,25.29,52.23,48.68,2.69,6.47,31.63,0
32.44,19.03,10.53,84.24,3.15,3.8,26.16,1
20.23,22.29,72.2,36.94,4.05,6.83,21.65,0
41.4,14.68,31.75,55.5,5.24,5.83,16.16,0
20.03,23.23,55.38,45.88,2.78,6.69,25.09,0
19.07,23.48,55.62,41.4,3.92,6.73,31.27,0
34.3,29.88,22.81,76.12,4.68,4.48,18.43,1
37.01,16.53,34.77,46.2,5.61,5.78,30.66,1
30.15,22.2,45.11,54.97,6.26,5.54,22.08,0
36.37,31.32,32.67,49.63,8.19,7.41,14.15,0
41.43,24.59,24.64,34.45,6.08,6.76,38.83,1
19.31,17.01,41.65,37.15,4.73,7.78,37.4,0
19.09,9.1,69.54,39.26,3.82,6.4,26.18,0
26.51,19.65,37.46,63.49,8.22,6.69,11.39,0
38.03,37.85,47.84,48.84,7.33,5.27,21.22,1
24.51,29.38,30.38,61.44,6.13,6.71,21.03,1
35.46,20.9,30.96,47.74,6.65,7.47,17.88,0
29.42,33.54,34.77,37.46,5.42,7.99,29.15,1
25.25,21.94,32.72,68.4,6.34,3.89,36.24,1
27.39,26.56,32.11,71.34,5.9,4.65,23.51,1
13.97,41.43,78.61,31.26,5.63,6.06,38.16,0
38.57,18.55,49.97,70.87,7.05,3.5,8.6,0
32.49,32.57,26.68,64.19,7.99,7.29,6.48,0
44.19,21.12,35.07,51.88,5.49,4.93,23.27,1
28.83,28.98,41.65,41.67,8.06,6.51,33.73,1
35.62,16.65,39.44,55.55,4.65,5.21,22.24,1
8.14,28.21,55.32,49.48,2.92,6.89,32.34,0
18.47,29.45,50.98,45.32,4.71,7.35,25.19,0
18.67,27.22,64.46,37.14,6.49,6.34,34.33,0
36.4,17.18,30.83,44.85,7.33,7.86,16.99,0
37.85,38.31,56.98,55.14,5.3,3.36,24.06,0
28.88,21.32,48.45,53.6,7.14,5.13,26.54,1
35.15,17.67,18.97,78.85,4.54,3.92,22.34,1
35.14,26.9,33.25,66.3,6.2,4.77,18.95,1
13.53,34.99,63.81,61.87,2.59,4.37,28.01,0
23.41,22.04,38.24,35.4,6.05,9.02,26.32,1
17.47,16.88,55.83,44.78,4.51,6.65,29.7,0
29.34,22.17,56.58,22.99,7.31,7.88,31.37,1
27.99,15.45,34.35,66.36,7.96,3.41,39.19,1
31.89,14.82,33.81,66.55,5.72,4.63,23.05,1
34.08,13.02,23.62,52.77,5.72,5.69,35.41,1
35.71,14.72,36.28,43.68,6.0,7.0,22.65,0
29.15,27.26,35.97,72.73,5.23,3.57,26.76,1
30.16,19.04,29.03,65.77,5.33,6.63,10.92,0
36.32,17.36,42.6,60.75,5.22,4.91,15.59,0
43.77,20.06,50.44,26.63,6.72,4.98,42.43,1
43.47,21.53,30.0,35.82,5.29,5.81,39.32,1
30.35,29.48,32.3,65.37,5.88,3.91,34.21,1
31.29,19.62,41.11,74.76,6.67,4.83,6.46,0
42.6,20.18,30.88,74.55,6.03,4.71,2.79,0
32.82,24.44,23.35,68.5,5.38,4.67,27.36,1
40.19,28.44,32.9,55.75,6.57,4.53,28.78,1
11.04,27.12,56.94,65.8,2.58,4.79,27.44,0
16.26,32.26,65.61,40.34,6.15,6.45,31.09,0
35.13,18.96,42.32,74.13,5.91,4.18,7.83,0
33.25,21.98,52.09,54.1,6.4,3.83,30.13,1
29.47,19.99,47.54,57.03,6.79,3.85,34.32,1
24.57,16.12,28.4,54.16,6.35,7.56,23.45,1
26.71,18.31,50.14,58.71,8.0,2.74,44.02,1
36.66,31.0,21.84,69.77,4.76,4.1,27.83,1
13.78,18.13,55.52,57.59,1.1,6.12,22.71,0
28.82,25.64,49.91,64.68,7.19,3.51,27.13,1
9.15,23.34,66.21,62.88,1.15,5.07,22.99,0
34.9,19.14,29.3,39.16,6.82,6.56,38.81,1
13.46,23.36,61.92,37.91,3.87,6.87,35.68,0
15.81,19.4,76.65,28.19,4.87,6.9,33.36,0
40.45,24.35,39.65,39.92,5.58,6.48,24.03,0
29.85,16.67,27.48,74.05,5.4,3.04,35.99,1
34.11,18.99,46.93,32.05,5.63,7.01,30.25,1
38.95,9.61,43.76,53.6,5.81,5.14,18.43,0
36.66,23.28,47.1,47.03,6.25,4.51,32.42,1
18.31,18.8,60.63,44.52,3.46,6.38,27.6,0
39.23,27.61,26.92,63.68,5.86,4.63,23.67,1
24.83,24.84,40.45,37.08,4.92,8.08,29.4,0
30.59,20.04,40.43,57.47,6.88,5.17,25.72,1
10.86,33.12,58.93,44.39,3.75,7.08,31.08,0
16.68,25.3,47.71,41.13,5.48,7.35,35.01,0
9.3,23.03,72.9,50.17,3.55,5.57,28.94,0
30.78,29.33,43.61,32.89,6.26,7.41,31.94,1
32.12,32.34,50.83,48.79,7.13,5.48,23.62,0
28.13,25.96,18.92,45.05,4.83,8.3,30.64,1
22.75,20.25,34.51,44.29,7.41,8.68,22.54,0
31.91,19.15,44.98,33.54,7.42,7.0,32.91,1
42.73,20.97,34.53,64.39,7.11,5.29,7.03,0
31.8,10.87,41.09,58.64,6.37,4.43,29.19,1
10.26,18.84,63.19,59.27,2.04,5.47,24.94,0
38.82,13.29,28.13,64.25,5.73,2.54,42.07,1
9.65,24.61,61.37,65.45,0.52,4.77,25.73,0
42.78,25.91,34.15,46.91,7.07,6.47,17.59,0
43.31,22.9,19.76,54.18,4.06,4.97,32.64,1
37.32,20.84,25.02,42.67,5.52,6.19,38.33,1
31.25,23.49,35.55,50.76,7.84,5.13,37.49,1
29.16,7.84,25.39,77.56,6.93,6.53,1.77,0
23.85,23.96,45.23,61.84,7.56,3.93,35.94,1
26.54,35.86,44.92,55.28,7.68,4.23,38.45,1
32.15,31.87,38.01,53.99,6.92,6.74,15.43,0
9.72,24.66,48.12,58.8,3.24,6.23,31.02,0
32.09,14.78,39.35,38.2,7.02,7.61,25.59,1
24.02,20.61,52.0,65.93,8.08,5.1,14.7,0
14.14,24.26,52.73,56.58,3.96,5.9,28.4,0
32.06,21.43,47.08,57.6,6.2,4.27,27.02,1
41.03,13.64,30.92,43.53,4.87,6.6,24.51,0
42.07,22.02,39.69,26.11,6.76,6.46,39.45,1
15.93,23.76,51.62,68.89,7.05,3.74,33.05,1
17.74,23.02,66.81,35.7,5.57,6.9,29.8,0
14.32,19.82,73.83,32.8,8.62,8.28,19.5,1
16.03,9.87,47.45,53.7,3.71,6.33,29.81,0
5.59,13.66,68.62,53.51,2.44,5.8,30.06,0
32.45,31.48,49.01,54.27,8.12,3.23,39.24,1
19.55,26.12,39.52,78.55,5.82,1.72,45.22,1
7.68,24.29,79.36,49.15,4.21,5.33,29.43,0
28.72,22.51,47.09,42.7,7.04,6.55,27.77,1
30.69,27.2,44.73,33.64,6.48,7.37,30.69,1
39.85,26.84,26.38,61.62,5.68,6.24,10.83,0
36.5,32.53,39.92,35.04,5.31,6.66,32.56,1
42.56,28.79,48.85,25.1,5.34,6.48,32.52,1
36.83,19.7,29.88,64.39,5.83,4.87,21.01,1
23.18,24.27,58.92,30.21,4.16,7.32,32.29,0
20.73,21.54,46.11,42.36,6.42,7.14,32.32,0
38.62,23.87,31.96,47.49,5.41,7.07,17.3,0
29.38,21.21,32.31,52.41,5.64,7.22,20.14,0
17.03,20.77,51.62,50.94,5.09,6.63,26.24,0
37.6,21.65,52.36,30.5,7.62,5.78,35.86,1
37.11,33.99,44.06,54.14,6.93,5.57,15.86,0
20.1,22.08,44.26,66.12,6.9,4.34,31.82,1
14.18,27.67,70.37,49.52,3.95,5.72,24.94,0
30.59,28.05,34.89,59.27,5.97,3.99,38.67,1
29.35,15.82,32.5,67.82,4.68,4.55,25.99,1
17.83,20.93,31.92,78.06,5.94,4.0,32.31,1
25.9,26.86,40.49,53.55,6.69,6.73,21.14,1
29.91,22.84,51.39,56.51,6.9,4.02,29.91,1
37.54,27.31,49.0,23.07,7.12,7.2,34.2,1
27.16,7.17,55.68,56.61,7.68,3.7,32.65,1
28.54,28.16,24.0,59.46,5.39,7.73,14.14,0
45.28,21.72,28.33,64.37,4.74,3.96,20.99,1
43.33,21.09,28.76,52.57,3.97,4.44,32.53,1
35.46,20.27,40.49,42.13,7.65,5.27,38.15,1
43.85,15.17,37.98,66.76,5.13,4.28,9.22,0
25.33,25.34,38.69,66.86,5.65,5.68,16.54,0
29.93,25.49,15.68,56.64,3.87,7.33,25.88,1
36.73,25.3,37.76,58.89,5.14,5.51,15.55,0
14.61,15.77,71.04,52.89,2.71,5.58,20.83,0
28.97,24.06,22.87,61.19,3.63,7.6,13.26,1
24.77,23.44,43.72,60.42,6.59,6.11,17.25,0
37.92,17.38,27.05,50.44,5.03,6.42,24.36,1
15.7,19.65,71.79,49.23,2.82,5.78,21.62,0
30.91,11.59,13.43,72.75,6.77,4.9,30.18,1
31.16,9.14,27.79,64.1,6.04,5.31,25.34,1
40.21,39.08,38.92,38.3,6.0,5.43,36.82,1
26.9,19.65,49.1,62.82,7.26,3.3,34.15,1
31.22,28.12,38.2,35.8,4.97,7.74,28.77,0
34.61,29.04,56.87,30.06,7.15,6.65,28.02,1
42.39,15.87,51.85,70.05,4.46,2.5,12.6,0
9.91,25.72,58.28,55.87,3.62,6.04,28.28,0
11.31,20.48,80.24,50.86,2.95,5.61,19.64,0
32.42,43.05,58.01,50.12,6.99,3.53,34.33,1
34.9,23.86,26.03,66.7,5.28,4.23,29.19,1
35.02,18.62,19.62,58.74,5.17,5.93,27.87,1
42.02,22.09,33.79,53.86,5.86,5.01,23.61,1
29.88,11.55,40.78,40.69,6.1,6.84,30.9,1
41.56,17.23,36.83,53.3,6.11,4.05,31.48,1
36.11,20.34,27.7,66.44,5.62,4.1,28.14,1
34.94,14.98,52.77,54.78,7.71,4.32,22.59,1
8.98,27.41,51.43,57.28,3.34,6.13,32.02,0
38.58,22.86,38.91,40.6,6.09,6.72,23.83,0
4.27,16.7,35.46,64.76,1.71,7.6,26.56,0
30.69,18.95,30.18,63.25,6.92,5.05,27.62,1
30.7,16.39,24.01,81.28,4.61,3.61,23.39,1
19.06,28.22,36.93,62.46,5.25,6.88,19.03,0
18.14,19.42,32.91,70.54,5.28,6.88,13.33,0
23.9,32.41,46.48,60.95,7.73,4.43,31.42,1
41.97,30.09,41.21,35.31,6.35,4.97,40.99,1
35.44,15.8,28.46,47.09,5.77,6.28,31.56,1
30.15,12.0,58.71,30.25,6.26,6.83,29.54,0
40.48,26.57,35.71,48.86,6.16,6.54,15.79,0
9.93,16.08,71.41,52.25,2.46,5.55,26.86,0
27.5,23.37,30.79,62.22,6.73,7.05,13.33,0
43.8,34.55,32.14,43.07,3.56,6.18,24.66,0
27.96,31.13,48.44,62.26,6.79,4.32,24.49,1
41.43,11.84,46.53,50.63,6.0,4.34,24.65,1
37.81,25.82,40.94,35.42,5.83,5.89,37.09,1
18.46,15.8,56.08,37.69,3.67,7.42,29.62,0
28.39,17.44,50.03,40.9,6.84,6.47,28.82,1
28.68,21.2,32.76,68.01,6.96,4.51,27.18,1
24.62,19.36,29.32,53.04,6.92,6.95,29.86,1
13.06,27.44,72.74,54.39,1.86,5.39,20.97,0
18.1,15.83,61.79,39.53,5.61,6.27,34.59,0
30.45,26.94,36.13,47.78,7.45,7.45,19.89,0
24.17,23.77,36.07,42.02,7.29,8.55,23.71,0
31.07,24.23,42.03,51.21,4.26,5.59,27.08,0
24.15,23.19,46.18,53.14,6.54,6.63,20.1,0
36.92,12.81,49.18,52.94,6.92,4.16,26.69,0
13.25,14.05,77.86,45.72,3.37,5.27,28.85,0
31.25,11.87,40.03,67.09,6.35,3.82,26.05,1
32.1,22.9,24.37,55.04,6.1,6.11,30.45,1
33.4,26.35,31.73,76.39,5.52,5.25,5.13,0
20.43,12.25,40.08,43.13,4.49,7.4,33.56,0
23.91,16.59,38.22,65.91,6.58,4.08,34.77,1
10.96,20.16,60.43,53.57,3.12,5.91,29.32,0
23.57,31.75,34.88,67.24,5.3,6.64,11.99,0
37.76,18.47,20.64,68.35,4.46,4.09,29.25,1
22.43,14.91,43.98,26.08,5.44,8.98,34.52,0
24.46,22.08,26.87,79.95,5.82,3.83,28.02,1
24.84,19.79,71.42,32.25,5.64,6.61,25.12,0
45.93,40.51,39.05,50.32,6.87,5.48,15.27,0
20.93,31.11,42.7,61.12,7.04,6.15,21.28,1
17.81,13.96,33.75,61.87,5.52,7.45,18.37,0
35.58,33.76,40.68,31.63,6.83,6.55,38.52,1
35.31,30.93,41.36,46.58,5.64,6.29,22.22,0
34.88,24.48,40.41,51.2,5.46,4.96,30.19,1
28.62,22.68,58.84,27.98,6.33,6.35,38.45,0
34.08,17.33,17.3,84.37,4.31,3.03,26.38,1
44.68,22.69,28.85,38.41,5.96,7.26,22.31,0
12.02,20.41,64.65,49.44,3.68,6.15,27.82,0
17.85,16.88,43.88,49.68,2.87,6.72,31.59,0
12.66,14.54,67.88,49.19,4.21,5.56,30.51,0
28.62,26.58,39.4,72.0,5.72,2.95,31.5,1
12.39,14.31,58.01,63.46,1.47,5.49,21.13,0
31.53,11.81,39.29,63.21,5.1,3.31,35.53,1
33.39,19.51,46.02,50.11,5.25,5.53,23.44,0
8.86,27.42,66.22,46.07,1.63,6.59,29.74,0
19.19,26.02,61.46,42.05,5.23,6.58,27.54,0
32.54,31.12,40.51,55.79,6.47,5.95,18.14,0
44.53,14.55,32.18,48.4,5.77,5.7,22.22,1
29.45,16.14,44.78,60.15,6.6,3.85,32.65,1
26.59,15.51,13.84,77.09,4.09,6.61,12.89,1
29.3,22.71,49.81,57.03,7.11,5.04,21.65,1
42.7,7.48,50.49,49.26,6.2,3.26,31.91,1
21.61,25.69,30.71,66.46,7.04,7.39,11.75,0
34.34,14.43,20.2,79.31,4.52,3.03,30.0,1
31.51,36.0,43.91,51.44,4.33,5.54,25.33,0
26.37,24.47,35.15,69.23,7.47,4.8,23.85,1
32.85,29.58,52.57,64.05,6.48,4.39,12.86,1
49.79,25.25,25.24,52.59,5.53,5.13,21.88,1
23.41,19.19,31.12,81.56,6.08,2.33,38.04,1
39.13,25.15,39.82,45.71,5.06,5.68,25.69,1
24.87,15.24,31.22,47.99,6.08,7.82,25.93,1
26.7,12.74,33.37,67.47,6.65,3.81,36.04,1
34.42,23.01,29.48,54.8,6.59,7.47,11.63,0
27.85,22.31,28.66,73.78,3.73,4.87,20.12,1
35.4,19.38,40.18,59.6,6.31,4.78,21.36,1
28.5,15.43,44.22,23.88,5.84,8.87,31.25,1
34.34,25.84,26.19,66.55,5.42,4.75,25.02,1
39.69,15.09,43.25,58.71,5.58,4.46,18.12,0
26.41,19.52,43.59,57.35,7.07,4.2,37.24,1
7.18,16.18,50.51,58.7,1.75,6.62,28.11,0
18.83,19.47,33.11,63.92,5.98,7.33,16.4,0
43.22,24.06,29.89,58.49,5.97,5.43,15.79,1
15.42,25.19,37.49,50.71,2.92,7.78,28.08,0
38.02,29.63,46.87,42.14,5.78,5.52,27.52,1
42.65,22.53,24.98,50.65,6.33,7.04,14.8,0
11.84,14.16,57.84,68.66,7.15,3.92,31.41,1
35.18,26.92,37.2,54.39,6.4,4.58,32.22,1
32.56,16.03,35.59,70.3,7.61,5.83,5.59,0
31.71,26.04,35.89,38.22,7.82,6.02,43.73,1
17.0,14.78,45.83,68.68,7.19,5.98,15.74,0
21.97,18.98,38.24,45.79,6.39,8.38,21.34,1
18.93,32.24,42.27,78.39,7.2,3.24,30.0,1
26.52,23.3,37.5,72.02,6.17,3.86,26.92,1
26.79,9.0,36.53,62.99,6.27,4.21,35.12,1
36.8,23.66,28.98,52.02,5.81,7.12,15.76,0
35.32,20.7,35.11,61.02,5.67,4.85,22.91,1
43.48,22.26,28.81,66.88,5.24,4.14,17.96,1
38.15,28.09,46.99,36.82,6.95,5.15,37.43,1
26.4,28.72,36.9,67.32,6.04,2.55,45.47,1
42.74,20.32,57.93,35.67,6.01,4.45,31.5,0
26.54,22.69,34.17,59.83,7.24,6.22,22.52,1
20.91,28.05,38.76,84.62,6.06,2.34,31.09,1
18.85,7.58,56.35,42.23,4.35,6.49,32.32,0
57.61,36.27,47.15,44.69,4.87,3.75,18.39,0
39.24,36.42,33.74,63.29,5.84,5.6,9.8,0
46.99,11.39,27.94,45.55,5.63,6.7,16.89,0
21.7,12.69,40.41,59.32,6.17,6.74,18.72,0
37.25,32.18,42.79,42.78,5.34,5.62,29.71,1
16.71,23.72,48.71,48.02,3.6,6.89,29.68,0
24.5,20.0,57.96,44.05,8.1,5.59,31.71,1
27.7,32.63,41.48,73.04,5.58,3.87,21.01,1
35.35,25.38,38.94,28.44,4.83,7.6,33.72,1
33.15,29.34,39.56,42.07,6.37,6.05,33.96,1
39.1,29.44,39.57,44.75,6.15,6.56,19.13,0
8.67,17.64,47.71,62.95,1.4,6.59,23.67,0
14.48,22.63,51.59,56.41,4.88,5.51,32.92,0
29.89,19.92,55.43,13.83,7.71,7.9,42.76,1
28.46,26.71,39.11,64.84,7.07,3.99,31.19,1
24.15,33.93,43.89,74.62,5.83,3.16,27.91,1
12.18,34.66,60.58,44.02,4.38,7.0,29.61,0
31.8,18.27,33.7,61.31,6.67,4.7,29.26,1
38.6,22.72,47.2,39.98,5.65,5.33,30.95,1
14.82,16.37,53.89,46.62,4.65,6.63,32.2,0
26.14,18.02,41.73,28.41,7.89,7.97,39.26,0
28.54,22.98,56.29,52.93,6.25,4.82,24.39,0
21.57,18.43,37.82,47.66,6.93,8.28,20.87,0
31.0,29.05,51.79,42.26,6.49,6.22,25.06,1
32.49,23.35,39.62,43.94,6.54,7.1,22.55,0
33.22,29.93,48.34,62.57,6.36,3.09,29.73,1
13.06,19.67,31.21,62.55,4.2,7.57,23.5,0
37.01,30.8,42.16,35.69,7.32,5.83,37.56,1
13.17,24.01,74.89,48.67,2.49,5.56,24.78,0
39.93,24.02,56.1,43.84,7.4,4.76,23.54,0
24.64,26.5,67.82,20.96,7.2,7.11,37.64,0
41.51,21.04,39.33,41.99,6.72,4.82,36.38,1
29.77,20.11,58.84,45.06,6.79,5.04,28.63,0
11.47,21.52,76.83,48.9,2.36,5.33,27.02,0
11.9,42.33,76.34,56.08,3.39,4.52,25.96,0
12.47,28.27,69.73,37.05,3.33,6.93,31.1,0
43.42,33.11,26.57,58.51,4.99,4.35,27.92,1
22.65,25.91,43.34,74.94,6.4,3.25,28.94,1
30.59,20.06,29.58,49.13,7.17,6.1,35.65,1
38.4,17.23,36.73,51.1,4.89,5.93,19.96,0
25.29,20.95,33.74,43.96,6.67,8.36,23.5,0
42.27,24.52,34.07,57.45,5.59,3.9,29.04,1
42.31,11.12,34.73,29.67,6.91,5.26,50.0,1
34.47,6.15,45.34,39.63,4.89,6.41,27.3,1
37.89,30.1,38.6,48.56,9.08,7.02,12.93,0
32.14,28.83,59.29,41.62,7.23,5.3,27.52,1
26.52,32.14,31.42,71.22,5.79,4.43,27.2,1
26.53,21.48,38.25,52.25,6.06,6.86,22.4,1
18.63,28.18,85.64,38.12,3.98,5.31,25.77,0
17.63,15.87,59.72,51.56,3.37,5.36,29.98,0
14.92,13.19,53.61,49.91,3.05,6.33,30.73,0
20.02,17.66,50.38,42.16,5.68,7.15,29.79,0
42.35,25.26,56.97,38.42,7.13,4.28,31.17,1
15.25,20.11,63.46,48.8,4.64,5.85,28.83,0
36.14,21.67,55.11,40.6,7.37,5.01,30.18,1
15.44,28.73,77.6,44.59,3.43,5.28,27.91,0
21.32,28.6,30.64,41.52,4.7,7.88,37.46,0
33.95,36.63,33.34,61.79,6.18,5.0,23.59,1
16.82,34.85,52.8,43.46,4.68,6.81,32.92,0
19.92,23.88,63.5,30.84,6.17,6.99,35.13,0
38.14,24.53,29.58,72.21,5.31,2.88,28.69,1
35.74,16.91,39.05,36.29,6.36,6.48,34.43,1
18.21,14.8,60.81,34.27,4.47,7.37,31.11,0
45.66,31.2,25.08,57.11,5.43,4.95,22.78,1
29.24,25.93,40.48,57.64,3.53,5.64,21.91,0
34.81,19.48,46.56,28.06,7.7,6.47,40.1,1
35.75,20.25,26.71,65.03,5.55,6.68,6.92,0
37.43,21.64,59.12,27.83,7.52,4.87,42.55,1
38.97,14.51,25.6,66.59,4.73,4.43,23.1,1
23.62,21.11,34.25,51.55,5.4,7.94,19.38,1
49.18,24.71,24.8,57.49,5.06,3.33,33.64,1
33.67,17.59,40.58,54.91,6.51,4.02,35.88,1
36.97,24.67,51.12,25.32,8.2,6.01,41.89,1
32.62,19.15,30.5,54.9,6.65,7.26,14.7,0
26.8,22.12,12.93,49.77,6.38,10.0,15.51,0
10.07,21.1,32.17,66.88,3.35,6.87,27.18,0
23.41,26.0,53.31,38.03,3.98,7.42,25.85,0
29.18,16.13,29.21,61.36,6.05,7.18,12.29,0
34.42,15.94,15.66,77.34,5.32,4.49,22.37,1
20.06,19.04,43.28,32.22,5.52,8.51,34.68,0
33.23,11.67,34.86,53.19,6.03,6.83,16.55,0
41.43,19.38,35.02,58.34,5.62,4.09,26.44,1
32.97,21.89,14.67,79.06,4.15,3.97,27.29,1
22.75,15.15,41.01,64.69,7.25,4.09,35.51,1
33.49,22.65,41.78,49.45,6.55,4.17,40.4,1
35.4,18.03,29.53,47.81,4.35,6.71,25.56,1
24.98,20.33,31.6,65.23,7.26,7.33,9.38,0
38.47,37.02,23.18,46.29,8.65,8.73,11.0,0
18.48,26.42,41.37,47.74,4.58,7.08,32.22,0
32.16,33.5,40.0,49.14,6.76,5.37,32.56,1
26.84,27.05,41.09,65.17,5.76,4.6,25.09,1
29.16,10.99,45.57,57.61,6.51,4.49,29.43,1
10.15,20.23,53.65,58.86,2.35,5.52,32.56,0
36.5,23.25,32.69,71.16,5.85,5.35,6.48,0
30.79,14.9,33.15,62.14,5.59,4.99,26.85,1
35.54,25.49,35.33,69.69,6.46,5.29,7.99,0
50.88,17.72,47.83,43.39,6.35,4.77,17.88,0
34.06,14.64,34.8,65.56,6.19,4.09,26.22,1
17.18,17.0,27.39,76.26,4.95,7.06,10.0,0
35.69,17.96,37.2,61.75,7.09,4.68,21.86,1
30.58,21.62,37.74,56.5,7.88,6.92,12.86,0
47.33,21.81,36.5,61.22,3.97,4.06,15.0,0
1.88,16.54,69.02,69.36,1.83,4.75,24.23,0
25.28,14.2,24.47,84.42,4.68,5.93,3.61,0
20.65,20.42,83.45,22.3,3.97,7.21,26.68,0
43.13,19.69,47.5,50.67,6.47,4.54,20.14,1
32.78,33.16,40.24,60.44,6.47,6.17,10.34,0
33.84,18.28,28.0,56.03,5.68,6.54,20.42,1
35.06,19.0,38.49,58.03,6.31,4.91,23.79,1
37.72,14.72,43.65,31.72,5.69,6.64,32.6,1
34.52,43.85,49.2,54.76,6.65,4.04,28.3,1
27.87,24.29,25.78,74.63,5.33,4.24,27.57,1
24.64,26.26,20.99,91.93,4.96,3.01,25.28,1
39.44,28.33,44.05,63.42,7.51,4.56,11.51,0
43.39,22.88,36.62,51.24,5.8,5.84,15.35,0
20.38,10.67,50.22,40.54,4.51,7.08,31.87,0
24.32,4.63,27.69,81.0,6.15,3.69,27.64,1
38.83,30.52,35.28,56.99,5.63,5.78,14.97,0
37.7,26.35,42.1,37.42,5.78,5.99,32.92,1
33.84,32.69,19.49,43.3,5.6,7.49,33.6,1
7.45,17.68,59.74,65.5,1.03,5.43,23.35,0
33.72,33.97,43.57,52.47,6.61,5.41,23.54,1
30.56,45.07,36.35,52.86,9.36,7.7,11.44,0
21.84,33.53,49.65,37.82,5.21,7.28,32.27,0
9.81,14.2,65.71,56.96,3.06,5.53,25.97,0
34.81,28.21,27.65,54.5,5.89,7.1,16.28,0
41.05,28.79,41.04,32.69,7.22,5.58,39.94,1
34.23,30.63,32.81,72.72,7.12,5.87,2.43,0
20.05,16.19,59.49,41.57,4.38,6.48,29.42,1
8.04,29.58,76.58,58.02,3.15,5.0,23.2,0
24.32,22.13,38.7,79.5,5.96,5.19,6.87,0
38.56,9.24,43.15,47.27,7.58,5.89,20.44,0
36.99,25.34,19.65,74.99,4.39,4.18,21.99,1
26.96,21.23,35.72,75.64,5.67,3.25,28.99,1
15.16,23.26,63.43,50.51,3.11,6.01,25.08,0
29.28,18.32,41.86,56.36,6.65,5.41,25.1,1
13.12,16.96,65.2,48.81,4.77,6.18,26.86,0
20.58,26.0,40.33,32.02,5.73,8.24,39.16,0
44.66,14.39,35.39,44.84,8.54,7.05,11.96,0
28.71,22.46,39.13,29.8,6.93,8.47,31.73,1
22.43,21.74,36.26,74.09,6.78,2.66,41.36,1
13.14,18.35,49.82,64.01,3.67,5.91,22.5,0
19.86,28.57,29.84,84.35,5.36,2.66,36.38,1
31.47,20.88,27.82,35.07,7.15,7.89,36.51,1
8.92,26.02,81.59,47.93,3.04,5.51,25.81,0
24.53,12.78,38.33,54.05,6.85,6.69,24.11,1
18.49,25.01,53.65,70.5,8.24,3.53,28.83,1
35.54,11.02,55.46,32.32,5.74,5.46,36.17,0
30.74,22.1,35.92,47.72,5.39,7.19,21.7,0
11.36,20.12,55.12,47.47,5.1,7.02,30.51,0
39.6,19.0,25.45,35.33,4.79,7.48,32.16,1
48.12,33.92,44.3,51.98,6.7,3.9,21.44,1
29.59,24.04,34.32,64.01,7.41,4.31,31.75,1
29.17,39.4,31.42,54.02,5.9,7.53,16.26,0
27.66,16.81,43.17,65.63,6.72,3.98,28.01,1
12.4,12.87,59.21,58.06,3.12,5.36,28.35,0
38.05,29.38,32.4,51.06,5.77,5.53,27.69,1
21.49,10.58,34.82,56.8,5.65,6.95,24.29,1
18.97,29.55,39.57,75.27,7.24,3.58,32.7,1
37.74,23.69,32.87,61.22,5.22,5.83,12.36,0
10.25,13.44,65.51,44.03,4.12,6.63,31.3,0
29.04,39.85,40.29,64.5,6.81,4.26,27.48,0
30.23,12.17,22.49,73.33,5.89,3.59,35.3,1
31.58,21.13,23.67,82.24,3.87,1.53,40.75,1
25.62,26.18,38.69,63.0,5.98,5.9,18.9,1
31.41,26.46,42.02,48.75,4.8,6.43,22.0,0
14.46,27.39,56.25,49.41,4.87,6.32,30.3,0
39.74,18.74,40.28,45.43,6.07,5.13,30.42,1
21.77,27.22,41.19,35.55,7.92,8.75,28.63,1
12.11,25.78,72.5,37.44,5.78,6.4,34.33,0
28.94,20.69,26.28,72.84,6.03,6.59,6.31,0
41.02,19.56,29.35,54.16,5.58,5.19,26.11,1
33.15,31.46,35.31,86.65,4.32,1.93,20.88,1
33.8,22.09,41.83,49.01,6.45,4.85,34.25,1
33.72,28.91,41.5,60.14,5.7,4.74,21.87,1
39.69,21.68,39.73,59.77,6.69,3.54,28.32,1
32.34,31.4,30.82,55.28,6.41,5.56,30.08,1
29.08,30.06,31.76,63.28,5.65,5.47,23.99,1
21.68,31.16,42.79,45.07,3.74,7.87,23.13,0
33.81,15.45,57.83,44.14,6.95,5.02,26.23,1
22.24,28.24,31.84,56.36,5.98,7.73,19.02,0
19.16,12.07,47.28,67.93,7.48,2.51,45.55,1
32.85,29.24,36.24,55.29,6.45,6.8,13.71,0
12.13,28.62,46.49,65.98,2.5,5.43,28.1,0
36.32,25.24,57.16,26.95,6.46,6.27,33.12,1
33.59,27.78,35.49,62.39,7.23,6.5,7.79,0
35.35,24.94,53.29,44.63,7.61,4.85,29.2,1
29.12,18.11,35.41,33.61,7.38,7.19,41.64,1
14.2,31.25,37.12,68.59,5.4,6.9,16.78,0
41.28,22.54,34.82,54.83,7.63,6.44,9.52,0
13.1,23.22,66.01,39.8,4.05,6.32,35.74,0
28.41,25.06,40.21,51.03,5.17,6.41,24.27,0
26.27,19.92,34.82,72.84,5.3,5.98,8.24,0
38.39,34.93,29.62,55.49,5.23,4.65,32.19,1
39.11,20.43,37.9,52.18,5.22,4.14,33.74,1
36.36,18.12,25.93,61.78,4.94,4.38,32.2,1
32.09,20.83,26.53,49.27,6.87,8.2,16.49,0
36.8,17.87,28.84,48.35,5.17,6.07,30.07,1
26.45,13.19,37.76,56.66,6.56,6.86,17.55,0
37.24,25.87,42.56,35.29,5.75,6.04,35.26,1
33.57,22.03,52.28,54.58,7.58,3.4,33.39,1
15.88,17.42,63.69,33.7,4.37,7.05,35.12,0
14.11,30.62,55.96,50.2,3.93,6.24,30.51,0
12.33,22.69,54.04,51.36,4.59,6.11,33.89,0
39.77,30.08,49.26,54.84,4.98,4.15,20.79,0
13.18,16.42,49.2,53.83,3.61,6.61,28.86,0
36.26,23.6,33.2,47.81,6.15,7.1,18.47,1
42.99,25.79,43.93,37.04,6.48,4.85,36.82,1
35.49,26.0,42.58,36.11,5.56,6.7,29.95,1
25.37,9.48,44.91,67.91,6.78,2.89,36.69,1
29.01,31.9,45.67,73.33,5.28,2.9,24.95,1
27.65,27.04,23.78,80.21,5.25,3.87,26.06,1
26.26,20.54,51.37,27.39,7.69,8.03,32.24,1
11.59,31.62,39.03,60.91,5.31,7.27,24.07,0
24.06,22.03,35.28,50.3,5.58,7.55,23.28,0
36.23,24.19,24.26,79.49,5.14,2.16,32.75,1
44.59,9.64,29.83,45.13,5.37,6.7,18.56,0
36.52,13.64,41.0,36.19,7.62,5.94,37.52,1
20.37,14.52,55.74,35.6,5.99,7.35,31.44,0
33.6,23.26,50.52,46.06,6.43,5.19,28.07,1
41.37,22.49,35.98,28.15,5.73,6.16,43.25,1
22.54,22.85,37.02,58.09,5.36,6.72,21.84,1
33.02,14.41,18.72,61.67,4.05,6.42,22.37,1
36.13,17.98,29.95,46.33,7.59,7.85,16.33,0
27.93,27.55,43.13,60.52,6.37,5.89,16.08,0
23.73,18.76,30.09,53.55,8.1,8.54,15.05,1
28.71,21.79,35.76,70.87,6.8,2.55,39.55,1
16.06,24.58,68.55,40.06,3.99,6.3,30.36,0
20.1,50.0,61.67,26.46,5.15,7.83,33.62,0
42.58,26.87,38.66,29.21,7.48,7.97,22.0,0
6.71,26.1,44.04,63.14,2.8,6.79,26.93,0
34.54,16.99,22.16,72.18,5.08,4.49,23.46,1
37.07,23.42,29.83,41.1,5.06,6.57,33.15,1
33.37,14.61,42.02,41.01,8.07,7.47,20.17,0
8.22,16.69,67.53,53.02,1.58,5.96,26.79,0
38.14,28.44,22.74,76.36,5.43,3.2,25.92,1
36.43,24.4,42.32,51.62,6.77,5.39,22.69,1
21.29,30.36,59.19,39.07,4.96,6.54,30.88,0
19.87,30.17,62.82,40.66,4.76,6.85,24.79,0
10.4,28.25,49.93,73.79,7.22,3.02,41.36,1
32.56,14.55,54.04,51.08,6.56,3.95,31.99,1
40.37,22.2,55.78,34.09,6.28,5.3,29.91,1
4.88,30.88,59.56,58.84,2.47,6.13,28.3,0
18.27,23.25,73.24,42.75,4.5,5.92,24.55,0
19.44,11.26,56.55,62.06,7.98,3.62,34.91,1
12.79,23.23,56.79,41.32,4.74,7.42,31.34,0
30.99,20.88,25.12,68.24,5.17,6.78,8.62,0
47.23,29.05,20.89,55.27,5.51,3.63,38.91,0
14.53,24.06,66.47,32.87,6.24,6.87,37.64,0
24.48,23.57,64.59,29.93,9.14,6.4,36.43,1
26.89,16.81,29.8,56.64,6.0,6.73,24.41,1
33.85,30.6,44.22,61.34,6.98,4.49,20.72,1
9.58,11.9,61.76,61.86,2.15,5.05,27.6,0
14.21,27.5,71.88,46.03,1.93,5.87,26.09,0
23.59,5.98,32.59,77.2,5.27,2.88,36.67,1
27.06,21.19,28.21,66.22,6.04,5.6,24.36,1
6.65,19.46,82.76,62.71,0.17,4.35,19.66,0
26.99,11.88,18.01,59.65,4.76,7.45,22.72,1
34.08,22.15,33.9,63.27,5.54,4.51,25.59,1
20.42,27.31,35.2,50.9,6.67,7.35,28.83,1
12.73,4.25,67.16,55.6,3.07,4.89,29.15,0
35.03,21.73,34.25,62.29,5.37,5.84,13.02,0
32.34,28.94,49.66,49.11,5.0,5.8,20.48,1
20.31,27.85,37.04,76.35,7.27,3.73,30.46,1
24.29,16.42,74.3,35.28,5.07,5.8,27.3,0
27.46,14.34,45.8,37.46,7.3,7.58,27.03,0
30.48,20.62,11.61,59.63,6.41,6.52,32.9,1
26.95,26.74,42.63,64.07,4.07,5.3,18.25,0
38.11,19.49,37.23,68.69,4.49,3.42,21.86,1
31.14,38.23,54.45,59.84,7.61,4.49,17.85,0
41.13,21.74,41.42,69.24,4.7,3.68,12.16,0
39.05,24.17,27.72,61.0,5.83,6.44,9.66,0
26.61,17.91,18.82,76.91,5.46,4.39,30.27,1
36.26,27.67,31.46,42.38,6.45,5.37,42.74,1
24.23,19.99,42.37,47.11,6.35,7.42,22.88,1
4.7,25.42,56.17,76.55,0.0,4.48,24.37,0
36.9,29.96,32.56,65.88,6.09,3.12,33.45,1
18.54,16.16,35.35,46.24,5.47,7.37,36.12,0
18.69,13.73,62.27,42.18,4.24,6.63,26.61,0
39.21,13.11,31.84,58.67,6.49,6.12,12.18,0
14.85,26.85,58.35,49.65,5.03,5.87,32.15,0
14.91,26.29,68.0,26.37,5.92,7.49,38.03,1
27.88,25.41,35.0,53.93,6.73,6.15,28.11,1
27.56,12.76,40.24,42.28,7.83,7.03,30.67,1
20.73,24.54,64.46,32.78,5.12,6.86,32.16,0
23.68,26.29,29.44,33.47,5.06,8.75,37.45,0
2.98,15.55,84.17,51.08,2.6,5.25,29.0,0
44.9,22.17,53.4,43.9,4.65,4.14,25.16,0
8.04,20.47,56.36,63.24,1.19,5.87,23.97,0
32.16,23.56,32.16,55.84,8.12,4.92,34.98,1
12.29,16.71,42.69,56.39,3.94,7.28,25.6,0
38.11,10.74,19.51,76.85,3.93,3.49,24.91,1
30.65,19.21,48.82,50.93,7.08,5.8,21.24,0
17.75,22.15,68.95,32.2,4.95,6.33,37.6,0
16.08,14.94,39.46,42.2,3.94,8.08,33.62,0
17.27,27.96,81.8,37.98,2.97,6.0,23.75,0
44.1,28.7,39.11,54.25,6.18,4.27,23.67,1
33.82,8.32,21.08,75.9,5.86,4.9,16.87,1
31.96,12.78,58.43,43.4,7.25,5.07,28.37,1
32.37,16.25,56.28,40.19,6.61,5.54,28.92,1
22.31,32.94,30.36,64.04,5.95,7.37,14.11,0
34.81,17.06,32.38,56.44,6.68,6.78,13.39,0
8.7,20.28,64.31,50.18,4.82,6.05,32.12,0
34.81,28.94,36.48,58.57,4.87,5.89,15.5,0
36.04,29.91,46.06,57.49,6.73,3.86,27.35,1
26.09,20.9,41.42,63.16,10.0,6.79,8.62,0
42.52,23.01,31.54,58.3,6.32,4.75,21.91,1
21.36,18.66,37.29,54.81,6.51,7.73,17.83,0
34.24,19.39,59.35,45.9,6.95,3.56,36.05,1
32.24,15.61,37.74,63.74,6.11,5.85,11.75,0
26.18,10.71,32.05,49.57,5.1,7.45,25.11,1
46.68,15.37,51.02,45.73,6.79,4.55,19.41,0
34.2,19.91,55.68,35.92,6.68,5.49,33.04,1
17.6,20.47,37.27,80.42,5.79,2.71,37.54,1
32.39,22.43,27.98,57.43,5.09,6.0,25.29,1
37.46,19.52,49.91,17.8,7.4,7.24,39.79,1
19.17,22.37,29.91,65.76,5.29,7.5,14.58,0
35.09,15.5,54.36,36.43,6.24,5.31,34.02,1
21.13,12.98,37.96,52.19,2.47,6.71,29.42,1
30.81,24.25,32.03,41.08,6.8,7.0,34.82,1
32.0,26.51,25.3,74.99,5.16,3.79,27.05,1
17.32,34.56,32.91,74.91,5.97,3.01,45.27,1
32.82,17.22,34.75,68.92,5.04,5.32,11.86,0
24.04,5.36,45.65,29.75,5.02,7.82,37.73,0
15.87,33.4,66.03,57.15,2.26,4.8,25.27,0
34.97,26.5,35.33,46.4,6.26,7.01,20.89,0
32.8,20.02,54.77,53.93,7.09,2.75,39.04,1
35.46,15.57,31.57,60.27,4.27,5.93,15.99,0
16.63,23.44,65.05,38.05,4.36,6.59,32.23,0
9.17,40.54,32.99,61.76,5.89,8.55,18.67,0
19.18,11.89,49.22,42.95,5.9,6.81,33.89,1
42.0,26.35,43.75,39.54,5.94,6.09,23.35,0
20.31,26.55,56.22,35.65,5.58,7.05,33.79,0
46.83,27.51,26.76,47.79,5.96,6.63,15.92,0
25.87,19.79,28.88,54.79,4.59,7.15,24.28,1
11.89,21.4,62.67,49.82,4.56,5.98,30.8,0
33.28,19.62,42.64,63.29,5.52,3.5,29.2,1
22.74,28.16,31.9,61.24,6.91,7.48,15.05,0
12.53,28.63,51.96,74.15,7.33,2.82,38.88,1
17.97,20.77,58.97,39.03,5.6,6.43,35.97,0
16.99,16.21,40.04,31.07,4.98,8.49,42.14,0
34.62,30.57,47.2,54.39,7.61,3.05,39.65,0
37.67,22.92,16.22,78.93,4.34,3.23,27.89,1
19.87,18.4,50.81,57.76,7.66,6.23,19.66,0
26.58,25.51,42.83,53.16,8.03,6.94,17.37,0
37.73,12.61,55.17,48.19,4.63,5.17,17.01,1
13.07,20.78,54.24,52.53,3.54,6.39,28.68,0
31.86,16.98,59.14,30.7,7.74,5.56,38.95,1
27.75,20.21,45.47,49.88,7.74,5.74,29.15,1
28.21,16.8,34.64,52.45,6.7,6.98,22.1,1
13.54,13.74,45.25,70.18,5.61,5.95,18.2,0
18.85,24.92,82.35,40.19,4.78,5.29,25.89,0
34.63,25.76,25.59,69.94,5.97,2.68,40.54,1
2.94,25.44,55.34,59.71,3.41,5.85,35.54,0
14.94,20.26,52.07,40.29,3.4,7.45,33.22,1
35.56,13.68,48.03,29.5,7.22,6.22,38.54,1
42.46,22.16,35.54,45.91,6.08,5.44,27.55,1
20.44,14.67,36.84,72.47,6.86,6.7,7.33,0
22.6,14.2,47.01,56.72,5.84,6.25,20.25,1
41.28,31.66,46.73,11.41,6.3,7.97,38.68,1
25.53,35.84,31.84,77.1,5.41,3.47,29.69,1
14.79,12.8,39.22,70.85,7.13,7.17,9.55,0
19.5,18.01,8.76,100.0,3.44,4.4,17.45,1
53.72,26.57,34.29,50.0,6.04,4.04,23.88,1
9.68,18.61,58.1,53.66,4.26,5.73,34.45,0
33.82,22.38,25.06,34.44,5.43,8.31,32.47,1
11.56,5.75,67.46,41.96,5.12,6.2,35.12,0
26.39,29.52,35.7,53.05,5.46,6.95,22.61,1
19.81,22.17,79.98,26.2,6.05,6.57,32.05,0
17.21,21.97,56.87,45.59,5.48,6.43,30.41,0
26.17,18.64,28.79,49.23,4.76,7.75,25.24,1
18.69,41.19,59.75,46.06,3.42,6.38,26.02,0
34.03,21.25,44.74,64.19,6.34,4.03,20.79,1
34.55,14.84,42.65,44.35,5.69,6.07,26.87,1
28.84,24.68,36.77,72.33,6.32,3.51,27.74,1
31.65,19.6,39.93,53.04,4.37,5.84,23.51,0
20.64,30.27,54.41,34.77,4.63,7.42,32.28,0
17.44,21.32,58.13,44.67,3.12,6.29,31.12,0
23.82,12.38,26.64,82.36,5.26,3.19,31.9,1
16.45,24.59,60.68,64.07,8.17,3.1,37.5,1
36.18,17.01,40.97,42.91,6.02,5.81,30.58,1
29.16,31.24,29.41,47.22,5.28,7.62,25.11,1
35.2,23.88,47.62,35.37,7.24,5.93,34.9,1
33.94,11.14,53.92,54.19,6.1,4.63,20.3,1
39.72,24.51,45.1,36.11,7.03,5.53,34.52,1
35.74,28.16,35.15,56.2,6.7,4.56,31.19,1
26.96,21.3,35.84,65.47,6.19,3.64,37.73,1
30.16,24.53,30.93,63.91,5.21,6.55,12.44,0
30.26,24.92,30.21,70.12,5.66,3.29,35.91,1
29.99,10.73,33.1,67.8,2.42,5.02,19.87,0
20.55,31.85,53.96,59.17,6.63,4.24,33.1,1
36.27,30.32,34.63,57.82,6.09,3.75,36.46,1
38.59,9.16,37.71,62.71,5.84,3.67,26.23,1
26.63,28.9,37.62,64.01,6.33,4.16,33.67,1
21.28,24.85,46.92,58.03,7.33,3.97,41.84,1
35.38,34.45,49.82,44.63,8.34,5.35,27.28,1
23.89,23.46,30.67,71.82,6.32,5.8,17.31,1
37.06,25.61,43.37,55.75,5.81,4.09,28.11,1
29.16,13.19,25.37,68.02,4.54,6.82,10.24,0
38.33,15.68,30.73,52.17,6.51,4.46,37.56,1
28.43,30.98,45.38,58.34,6.81,4.09,33.31,1
25.3,24.27,41.11,54.8,6.04,6.62,20.64,0
51.49,19.26,43.67,42.44,6.37,4.84,20.87,1
43.27,24.29,14.25,74.97,4.27,4.51,16.03,1
35.89,6.27,31.38,63.65,6.58,3.8,31.97,1
15.6,21.61,49.33,46.33,4.53,6.93,32.34,0
23.02,21.04,66.54,33.13,5.57,6.78,28.35,1
25.29,10.88,39.61,50.61,5.31,7.08,22.47,0
36.56,28.17,66.44,15.67,6.94,6.98,32.87,1
34.29,10.16,46.71,50.5,5.0,5.29,23.59,0
40.2,25.26,30.21,45.4,4.89,5.68,32.29,1
37.44,19.67,42.77,49.73,4.9,5.5,22.04,0
48.06,22.24,38.6,50.75,4.78,4.6,20.42,0
36.05,18.75,41.27,53.2,5.58,4.55,29.58,1
25.62,26.76,47.67,60.06,5.03,5.13,22.5,0
13.84,14.47,72.26,48.29,3.73,5.24,29.74,0
32.2,31.0,35.27,64.99,5.57,3.18,37.06,1
40.95,15.07,44.31,56.06,5.95,3.35,29.56,1
29.04,27.82,44.11,63.01,7.12,5.65,13.45,0
28.58,26.46,12.36,79.76,3.85,5.82,15.83,1
35.28,21.77,28.89,50.45,5.31,6.21,27.89,1
17.99,17.5,39.09,53.41,4.45,6.19,35.89,1
31.53,28.9,32.9,75.98,4.18,3.57,22.23,1
40.4,21.29,61.43,30.83,7.57,4.59,36.33,1
13.88,24.85,59.04,51.81,5.17,5.95,29.38,0
34.16,33.61,22.65,62.54,5.19,5.47,26.18,1
13.43,22.2,44.15,40.2,4.55,8.12,35.15,0
37.52,21.34,31.25,46.21,6.28,7.05,21.06,0
17.18,27.49,52.34,43.54,4.48,7.06,30.41,0
44.96,27.25,27.59,64.96,5.21,5.55,6.37,0
30.26,21.73,58.53,51.08,6.93,3.73,33.27,1
23.72,24.93,58.22,59.03,8.55,3.15,36.96,1
28.86,29.74,41.4,52.22,6.98,6.26,23.13,1
26.24,15.27,25.31,44.09,6.3,9.07,22.14,0
16.15,27.86,67.72,49.65,3.98,6.25,19.62,0
45.35,43.51,37.46,49.64,6.38,5.7,15.88,0
17.59,33.31,48.19,54.75,3.09,6.18,27.38,0
10.02,11.52,62.22,54.9,3.51,5.88,27.76,0
39.5,30.68,43.27,29.92,5.61,6.75,32.0,1
30.84,17.38,52.04,34.17,5.31,7.32,24.42,1
34.63,29.92,33.12,67.24,5.55,4.02,25.4,1
28.54,11.11,39.84,60.71,6.79,4.4,31.75,1
46.54,22.74,34.4,60.26,4.56,5.07,9.43,1
25.9,18.8,58.62,58.34,7.91,2.84,37.81,1
41.85,17.29,48.08,40.28,6.54,5.35,26.29,0
14.74,10.2,74.51,45.27,3.5,5.4,29.09,0
17.85,20.04,53.04,51.71,2.34,5.79,30.5,0
35.58,19.23,46.92,61.19,5.14,4.13,19.85,0
17.61,21.89,42.31,51.28,4.69,6.55,33.09,0
26.42,39.07,49.35,44.63,6.92,7.07,21.37,1
37.66,15.48,44.98,57.06,6.62,3.79,27.51,1
32.2,20.11,37.96,42.49,5.09,6.76,28.87,1
17.31,27.16,62.78,47.06,3.04,6.31,24.57,0
7.39,18.97,62.72,59.56,3.35,5.46,28.56,0
28.18,27.3,22.54,66.02,5.76,6.08,23.2,1
25.79,17.14,40.5,52.12,7.04,6.48,25.37,1
29.47,22.3,51.48,60.0,7.82,4.23,24.24,1
15.38,21.81,61.89,48.1,3.53,6.15,27.75,0
21.19,28.99,63.6,44.07,5.42,5.78,28.66,0
42.48,13.06,35.29,62.96,5.74,3.29,26.87,1
33.34,22.98,29.04,59.54,5.85,5.15,28.88,1
15.48,12.63,56.02,36.06,5.03,7.62,33.46,0
30.65,31.17,24.57,71.6,5.98,3.8,33.35,1
28.61,8.05,41.5,49.85,6.23,6.65,22.48,0
19.4,26.15,38.3,66.55,5.23,6.36,17.46,0
37.55,28.29,22.29,69.94,4.54,4.74,20.27,1
32.07,21.65,27.86,53.02,4.99,6.73,24.25,1
25.1,21.81,43.04,59.46,7.68,5.66,23.07,1
9.26,25.84,55.18,59.29,3.44,5.76,29.85,0
42.58,21.11,36.6,55.59,4.5,5.22,16.49,0
38.44,15.21,46.04,37.47,7.21,4.79,40.48,1
32.16,22.72,51.48,50.59,8.15,4.28,32.33,1
7.04,22.48,71.63,62.54,2.49,4.7,25.37,0
14.73,13.6,42.2,55.79,3.41,6.88,27.55,0
28.91,17.22,33.04,55.94,4.76,6.8,19.54,0
35.62,25.52,30.72,59.98,5.85,5.44,21.79,1
52.37,24.36,43.91,41.52,7.62,5.19,17.81,1
20.44,32.97,69.87,37.48,4.39,6.93,21.69,0
29.63,31.25,41.17,41.26,6.37,6.56,32.87,1
39.67,16.74,47.82,47.46,7.18,4.71,26.33,1
11.2,23.4,43.15,57.96,0.74,7.41,22.62,0
33.55,33.84,49.56,40.43,6.45,5.73,30.73,1
33.61,19.17,34.81,59.55,5.41,5.48,20.9,1
17.11,14.1,39.5,49.91,4.93,7.37,29.87,0
30.73,10.27,41.25,66.94,6.05,5.21,12.82,0
38.23,25.38,24.34,46.83,5.92,5.94,35.18,1
39.66,13.02,55.77,54.74,8.2,4.25,15.76,0
21.98,13.85,51.64,69.55,3.98,4.17,20.75,0
33.24,20.47,51.05,48.86,8.1,4.2,34.32,1
45.37,21.15,38.1,51.29,5.97,3.86,30.4,1
26.39,21.89,29.9,52.07,6.04,7.79,20.6,0
27.77,23.69,34.3,54.43,6.13,7.13,18.9,0
25.3,16.56,56.31,58.69,7.33,3.65,32.13,1
26.15,19.62,36.11,64.62,6.87,4.89,27.95,1
31.27,31.5,36.87,60.87,6.17,5.92,16.39,1
27.79,27.5,38.71,68.93,6.72,3.67,30.21,1
29.64,19.34,30.22,38.5,6.23,8.57,25.93,0
6.36,27.16,59.96,62.64,2.88,5.37,28.83,0
31.67,27.21,45.76,47.33,6.6,6.08,24.19,1
20.36,19.43,47.83,33.96,6.44,8.86,25.63,1
44.85,34.15,33.97,64.42,4.56,3.13,24.72,1
9.22,25.42,53.51,59.3,3.51,6.53,24.01,0
36.18,5.97,33.94,51.53,5.74,6.35,20.45,0
16.53,24.85,63.69,35.91,5.9,7.0,32.47,0
13.33,19.17,67.95,41.12,2.34,6.23,32.87,0
24.44,22.57,46.02,66.31,6.93,5.5,14.45,0
37.06,23.24,44.86,42.31,6.91,6.21,23.73,0
31.54,29.71,24.01,57.17,5.31,6.25,27.37,1
30.42,25.71,36.19,66.96,6.54,4.19,26.7,1
30.66,19.7,46.96,46.52,7.66,6.53,21.37,0
22.83,19.92,44.69,49.36,3.23,6.85,24.51,0
20.93,32.71,49.6,42.24,6.23,6.69,33.74,0
26.04,13.0,37.97,62.07,5.61,6.27,16.62,0
38.35,16.4,28.41,59.35,4.92,6.36,12.4,0
35.99,20.96,32.7,28.9,8.8,9.28,22.45,0
32.3,20.07,30.49,48.06,6.78,5.95,35.71,1
60.0,22.57,57.69,43.84,6.7,2.75,18.29,0
35.04,17.69,36.2,60.91,5.93,3.84,32.03,1
32.71,27.86,32.46,67.23,5.38,5.08,18.07,1
15.31,23.21,75.47,37.35,4.23,6.6,26.35,0
39.79,18.3,39.03,25.75,6.43,6.82,39.57,1
31.75,16.96,39.61,55.3,6.89,3.98,38.81,1
34.24,21.77,50.67,49.01,7.14,4.74,28.06,1
32.22,20.78,34.52,67.24,5.33,5.8,10.31,0
27.48,19.54,36.8,56.69,6.59,7.22,13.79,0
38.42,27.3,60.15,31.49,5.93,5.36,31.22,1
21.24,17.39,42.38,78.6,5.28,5.28,7.59,1
23.7,19.66,41.62,51.11,7.56,6.41,28.88,1
27.93,12.34,41.28,51.28,8.51,5.3,34.7,1
14.72,21.75,51.13,48.2,4.53,6.24,36.16,0
25.45,16.63,21.33,76.24,5.61,5.78,17.5,1
31.62,40.0,46.87,49.92,6.29,5.61,24.47,0
17.07,26.71,54.03,44.83,4.92,6.59,32.17,0
16.75,26.05,61.89,42.21,4.2,6.37,31.49,0
30.65,20.83,68.62,43.72,8.37,4.71,25.11,1
28.68,31.58,48.04,54.7,7.14,4.23,34.2,1
34.09,21.85,28.07,71.01,3.82,4.81,17.57,1
25.32,29.02,46.65,15.29,6.81,9.64,36.5,1
36.22,24.08,44.36,34.69,6.97,7.29,24.31,0
6.37,21.63,70.44,67.3,1.88,4.44,23.48,0
37.06,26.1,29.11,69.15,6.69,6.21,3.2,0
7.21,20.43,43.1,64.99,6.21,7.33,20.56,0
46.16,32.37,39.22,50.5,6.01,5.41,15.1,0
17.88,35.67,60.12,50.66,4.86,5.61,28.49,0
32.47,23.01,57.88,57.62,6.3,2.6,33.7,1
38.67,22.43,31.79,59.88,4.98,4.64,24.85,1
46.96,24.89,32.12,44.05,5.11,6.41,18.09,0
24.52,28.77,30.04,76.34,5.59,4.28,25.61,1
49.7,20.64,70.54,12.71,8.33,4.15,45.19,1
31.96,24.9,59.89,51.19,7.96,3.15,35.81,1
33.83,20.97,15.02,64.02,4.58,6.48,21.05,1
17.94,31.29,61.4,37.6,4.55,6.61,33.96,0
37.82,27.47,34.78,52.01,5.49,5.21,27.95,1
26.07,20.44,41.18,53.82,7.1,6.71,20.33,0
33.03,19.62,27.92,59.73,7.18,7.17,11.29,0
